id,feature,component,kind,source,line,status,evidence,colleagueRouteApplicability
"91424c4db5e58751","shell-auth","RouteOutlet","ForcedStateBlock","apps/web/src/app.tsx","165","pending","","pending"
"f5e387d33e25b8ae","shell-auth","RouteOutlet","StateView","apps/web/src/app.tsx","177","pending","","pending"
"301f96fd860c89f9","shell-auth","RouteOutlet","StateView","apps/web/src/app.tsx","197","pending","","pending"
"db03314cc5d24a2f","accounts","PhotoSection","StateView","apps/web/src/features/accounts/account-settings-screen.tsx","108","pending","","pending"
"37c1e583d75d6f6c","accounts","PhotoSection","StateView","apps/web/src/features/accounts/account-settings-screen.tsx","110","pending","","pending"
"475611bbd1e31c3d","accounts","PhotoSection","StateView","apps/web/src/features/accounts/account-settings-screen.tsx","112","pending","","pending"
"05db9e69fd5cefa4","accounts","SessionsSection","StateView","apps/web/src/features/accounts/account-settings-screen.tsx","179","pending","","pending"
"a81453904f0e7103","accounts","SessionsSection","StateView","apps/web/src/features/accounts/account-settings-screen.tsx","182","pending","","pending"
"f9cf4e689e3f5884","accounts","SessionsSection","StateView","apps/web/src/features/accounts/account-settings-screen.tsx","190","pending","","pending"
"071c6cc6fb99802a","accounts","renderRow","Button","apps/web/src/features/accounts/account-settings-screen.tsx","241","pending","","pending"
"28039ff79bc2c0a9","accounts","SessionsSection","Collapsible","apps/web/src/features/accounts/account-settings-screen.tsx","270","pending","","pending"
"79185589b06f79fe","accounts","SessionsSection","Button","apps/web/src/features/accounts/account-settings-screen.tsx","282","pending","","pending"
"832d6cc4bc5d9bcf","accounts","SessionsSection","Button","apps/web/src/features/accounts/account-settings-screen.tsx","302","pending","","pending"
"7544d0ad548f3b61","accounts","SessionsSection","p","apps/web/src/features/accounts/account-settings-screen.tsx","309","pending","","pending"
"22465ab0deb35a63","accounts","SessionsSection","Dialog","apps/web/src/features/accounts/account-settings-screen.tsx","314","pending","","pending"
"ce52acdc83cc40ed","accounts","SessionsSection","DialogContent","apps/web/src/features/accounts/account-settings-screen.tsx","315","pending","","pending"
"d6b95864db108908","accounts","SessionsSection","p","apps/web/src/features/accounts/account-settings-screen.tsx","321","pending","","pending"
"f513caacc00c674c","accounts","SessionsSection","Button","apps/web/src/features/accounts/account-settings-screen.tsx","325","pending","","pending"
"17489e881ba6a952","accounts","TwoFactorSection","StateView","apps/web/src/features/accounts/account-settings-screen.tsx","393","pending","","pending"
"1a3e80a3d67ce743","accounts","TwoFactorSection","StateView","apps/web/src/features/accounts/account-settings-screen.tsx","396","pending","","pending"
"061187e4e7cc946b","accounts","TwoFactorSection","Button","apps/web/src/features/accounts/account-settings-screen.tsx","418","pending","","pending"
"d469f61f6b1305ac","accounts","TwoFactorSection","Button","apps/web/src/features/accounts/account-settings-screen.tsx","432","pending","","pending"
"60ccbd95ed2b1f04","accounts","TwoFactorSection","Input","apps/web/src/features/accounts/account-settings-screen.tsx","458","pending","","pending"
"b74f9ad10e3fb0b6","accounts","TwoFactorSection","p","apps/web/src/features/accounts/account-settings-screen.tsx","461","pending","","pending"
"ddb9b759a3936c04","accounts","TwoFactorSection","Button","apps/web/src/features/accounts/account-settings-screen.tsx","465","pending","","pending"
"161320e9bd67e65d","accounts","TwoFactorSection","Button","apps/web/src/features/accounts/account-settings-screen.tsx","468","pending","","pending"
"ba2465c32dba7408","accounts","TwoFactorSection","Button","apps/web/src/features/accounts/account-settings-screen.tsx","485","pending","","pending"
"d9c6ae157c954ba2","accounts","TwoFactorSection","Button","apps/web/src/features/accounts/account-settings-screen.tsx","491","pending","","pending"
"eb75853c72a90c18","accounts","TwoFactorSection","p","apps/web/src/features/accounts/account-settings-screen.tsx","516","pending","","pending"
"f07c59ddd51eaf7a","accounts","TwoFactorSection","Dialog","apps/web/src/features/accounts/account-settings-screen.tsx","521","pending","","pending"
"4e112356cb87cdc2","accounts","TwoFactorSection","DialogContent","apps/web/src/features/accounts/account-settings-screen.tsx","522","pending","","pending"
"43bdaaa9ec595a21","accounts","TwoFactorSection","Input","apps/web/src/features/accounts/account-settings-screen.tsx","528","pending","","pending"
"8300fca21332fa74","accounts","TwoFactorSection","p","apps/web/src/features/accounts/account-settings-screen.tsx","535","pending","","pending"
"5a8ee7b98f49e438","accounts","TwoFactorSection","Button","apps/web/src/features/accounts/account-settings-screen.tsx","543","pending","","pending"
"a7af819ca2d4d4a8","accounts","PasswordSection","Button","apps/web/src/features/accounts/account-settings-screen.tsx","596","pending","","pending"
"7c549340f284a70d","accounts","PasswordSection","form","apps/web/src/features/accounts/account-settings-screen.tsx","607","pending","","pending"
"3173d11de855890a","accounts","PasswordSection","p","apps/web/src/features/accounts/account-settings-screen.tsx","617","pending","","pending"
"64008a1750ba121e","accounts","PasswordSection","Input","apps/web/src/features/accounts/account-settings-screen.tsx","623","pending","","pending"
"140da67ec0c54e38","accounts","PasswordSection","Input","apps/web/src/features/accounts/account-settings-screen.tsx","635","pending","","pending"
"25286a2d2563f5d6","accounts","PasswordSection","p","apps/web/src/features/accounts/account-settings-screen.tsx","648","pending","","pending"
"05f2a3ba3c94732f","accounts","DeleteAccountSection","StateView","apps/web/src/features/accounts/account-settings-screen.tsx","704","pending","","pending"
"daf995dc472e399d","accounts","DeleteAccountSection","StateView","apps/web/src/features/accounts/account-settings-screen.tsx","706","pending","","pending"
"2b16701a29b7ae2b","accounts","DeleteAccountSection","Button","apps/web/src/features/accounts/account-settings-screen.tsx","716","pending","","pending"
"483500e91f9aad01","accounts","DeleteAccountSection","Button","apps/web/src/features/accounts/account-settings-screen.tsx","726","pending","","pending"
"cea144c3a15db468","accounts","DeleteAccountSection","p","apps/web/src/features/accounts/account-settings-screen.tsx","736","pending","","pending"
"464bd5978853092e","accounts","DeleteAccountSection","Dialog","apps/web/src/features/accounts/account-settings-screen.tsx","741","pending","","pending"
"2999aae701c4c86a","accounts","DeleteAccountSection","DialogContent","apps/web/src/features/accounts/account-settings-screen.tsx","748","pending","","pending"
"6f46e14be157365f","accounts","DeleteAccountSection","p","apps/web/src/features/accounts/account-settings-screen.tsx","752","pending","","pending"
"9ac057d25b45c194","accounts","DeleteAccountSection","Input","apps/web/src/features/accounts/account-settings-screen.tsx","760","pending","","pending"
"f42d672cd5db489e","accounts","DeleteAccountSection","Button","apps/web/src/features/accounts/account-settings-screen.tsx","762","pending","","pending"
"10449428722ccfc5","accounts","SettingsSubNav","a","apps/web/src/features/accounts/account-settings-screen.tsx","830","pending","","pending"
"eec4a42351f4598b","accounts","SettingsSubNav","a","apps/web/src/features/accounts/account-settings-screen.tsx","847","pending","","pending"
"31b1be80cb7a429a","accounts","AppearanceSection","select","apps/web/src/features/accounts/appearance-section.tsx","19","pending","","pending"
"8258c68ce82936b0","accounts","AppearanceSection","select","apps/web/src/features/accounts/appearance-section.tsx","37","pending","","pending"
"e7e98fac4131c4e5","accounts","AvatarPicker","input","apps/web/src/features/accounts/avatar-picker.tsx","80","pending","","pending"
"d92e096ac93cf743","accounts","AvatarPicker","Button","apps/web/src/features/accounts/avatar-picker.tsx","92","pending","","pending"
"d0e64dad18e5cd33","accounts","AvatarPicker","Button","apps/web/src/features/accounts/avatar-picker.tsx","103","pending","","pending"
"06924b927a58f8aa","accounts","AvatarPicker","p","apps/web/src/features/accounts/avatar-picker.tsx","118","pending","","pending"
"e1eab54ac254d2b5","accounts","AvatarPicker","p","apps/web/src/features/accounts/avatar-picker.tsx","123","pending","","pending"
"2ac81de5bbb8eef0","accounts","PasswordStrengthMeter","Progress","apps/web/src/features/accounts/password-strength.tsx","59","pending","","pending"
"ac7783597d6a0425","accounts","ProfileSection","StateView","apps/web/src/features/accounts/profile-section.tsx","38","pending","","pending"
"bc85867b814f56be","accounts","ProfileSection","StateView","apps/web/src/features/accounts/profile-section.tsx","40","pending","","pending"
"3a9b6d84d2b0c5b2","accounts","ProfileForm","form","apps/web/src/features/accounts/profile-section.tsx","98","pending","","pending"
"f548e40ad3f799a2","accounts","ProfileForm","Input","apps/web/src/features/accounts/profile-section.tsx","124","pending","","pending"
"b76c5f799d24827e","accounts","ProfileForm","p","apps/web/src/features/accounts/profile-section.tsx","148","pending","","pending"
"c61c108ccd16efb9","accounts","ProfileForm","Button","apps/web/src/features/accounts/profile-section.tsx","156","pending","","pending"
"012f494b27b73a52","accounts","RegisterScreen","form","apps/web/src/features/accounts/register-screen.tsx","115","pending","","pending"
"b5140ab2dee0b11c","accounts","RegisterScreen","Input","apps/web/src/features/accounts/register-screen.tsx","119","pending","","pending"
"eb272f6861aed560","accounts","RegisterScreen","Input","apps/web/src/features/accounts/register-screen.tsx","125","pending","","pending"
"9f7ef8dbaaca569b","accounts","RegisterScreen","Input","apps/web/src/features/accounts/register-screen.tsx","131","pending","","pending"
"0ddef48babe496fa","accounts","RegisterScreen","Input","apps/web/src/features/accounts/register-screen.tsx","154","pending","","pending"
"c181261f208fef4a","accounts","RegisterScreen","Input","apps/web/src/features/accounts/register-screen.tsx","159","pending","","pending"
"e477d1eab20397f5","accounts","RegisterScreen","Input","apps/web/src/features/accounts/register-screen.tsx","172","pending","","pending"
"5e097cd659c2da4c","accounts","RegisterScreen","Input","apps/web/src/features/accounts/register-screen.tsx","177","pending","","pending"
"ac5001eeeb826f0b","accounts","RegisterScreen","select","apps/web/src/features/accounts/register-screen.tsx","193","pending","","pending"
"bc7fb94227717446","accounts","RegisterScreen","Collapsible","apps/web/src/features/accounts/register-screen.tsx","210","pending","","pending"
"68a81a6ecb2ff1ca","accounts","RegisterScreen","p","apps/web/src/features/accounts/register-screen.tsx","211","pending","","pending"
"544569ec7333a520","accounts","RegisterScreen","Button","apps/web/src/features/accounts/register-screen.tsx","216","pending","","pending"
"a9e13c163f5ad91c","admin","AccountActionsMenu","DropdownMenu","apps/web/src/features/admin/accounts-screen.tsx","70","pending","","pending"
"75abfdf138cd72b6","admin","AccountActionsMenu","DropdownMenuTrigger","apps/web/src/features/admin/accounts-screen.tsx","71","pending","","pending"
"07bf6fdc25265061","admin","AccountActionsMenu","IconButton","apps/web/src/features/admin/accounts-screen.tsx","72","partial-bounded-evidence","event_regressions:adminActionsKeyboard","pending"
"e5100ca7c08019cc","admin","AccountActionsMenu","DropdownMenuContent","apps/web/src/features/admin/accounts-screen.tsx","80","pending","","pending"
"6cc4f8ca77f6b9d4","admin","AccountActionsMenu","DropdownMenuItem","apps/web/src/features/admin/accounts-screen.tsx","98","partial-bounded-evidence","event_regressions:adminLists","pending"
"abfc075bb1e49486","admin","AccountActionsMenu","DropdownMenuItem","apps/web/src/features/admin/accounts-screen.tsx","103","partial-bounded-evidence","event_regressions:adminLists","pending"
"78f7d8aa6054be99","admin","AccountActionsMenu","DropdownMenuItem","apps/web/src/features/admin/accounts-screen.tsx","108","partial-bounded-evidence","event_regressions:adminLists","pending"
"b22ef089be72147f","admin","AccountActionsMenu","DropdownMenuItem","apps/web/src/features/admin/accounts-screen.tsx","112","partial-bounded-evidence","event_regressions:adminLists","pending"
"403bfceeec2dbb98","admin","AccountActionsMenu","DropdownMenuItem","apps/web/src/features/admin/accounts-screen.tsx","117","partial-bounded-evidence","event_regressions:adminLists","pending"
"23a66d391c91021e","admin","AccountsBody","StateView","apps/web/src/features/admin/accounts-screen.tsx","194","pending","","pending"
"9449f00ad99334a5","admin","AccountsBody","StateView","apps/web/src/features/admin/accounts-screen.tsx","198","pending","","pending"
"fe20ca4d1a809586","admin","AccountsBody","StateView","apps/web/src/features/admin/accounts-screen.tsx","202","pending","","pending"
"c4baa08467df8e5c","admin","AccountsBody","Input","apps/web/src/features/admin/accounts-screen.tsx","216","partial-bounded-evidence","event_regressions:adminLists","pending"
"f91c9760105626ea","admin","AccountsBody","select","apps/web/src/features/admin/accounts-screen.tsx","226","pending","","pending"
"fbe17868c969982b","admin","AccountsBody","StateView","apps/web/src/features/admin/accounts-screen.tsx","243","pending","","pending"
"1537ed8ab2eca33a","admin","AccountsBody","Button","apps/web/src/features/admin/accounts-screen.tsx","314","pending","","pending"
"f4fb0cd3421ec022","admin","AccountsBody","Button","apps/web/src/features/admin/accounts-screen.tsx","322","pending","","pending"
"b163a257c9034608","admin","AccountsBody","Dialog","apps/web/src/features/admin/accounts-screen.tsx","334","pending","","pending"
"2d21daddd2042ca7","admin","AccountsBody","DialogContent","apps/web/src/features/admin/accounts-screen.tsx","335","pending","","pending"
"ce8ba84309de8699","admin","AccountsBody","textarea","apps/web/src/features/admin/accounts-screen.tsx","341","pending","","pending"
"fc76db38f31b1ba4","admin","AccountsBody","Button","apps/web/src/features/admin/accounts-screen.tsx","347","partial-bounded-evidence","event_regressions:adminLists","pending"
"740bdd394965f70f","admin","AccountsBody","Dialog","apps/web/src/features/admin/accounts-screen.tsx","359","pending","","pending"
"0609be96f739028d","admin","AccountsBody","DialogContent","apps/web/src/features/admin/accounts-screen.tsx","363","pending","","pending"
"cfa302e421fc17d6","admin","AccountsBody","Button","apps/web/src/features/admin/accounts-screen.tsx","371","pending","","pending"
"8cf66f219e69d5fb","admin","AccountsBody","Dialog","apps/web/src/features/admin/accounts-screen.tsx","378","pending","","pending"
"f4fc0989386bc5ce","admin","AccountsBody","DialogContent","apps/web/src/features/admin/accounts-screen.tsx","382","pending","","pending"
"764afc07f3f24bb8","admin","AccountsBody","Button","apps/web/src/features/admin/accounts-screen.tsx","387","partial-bounded-evidence","event_regressions:adminLists","pending"
"d720fc6e3bd6aff5","admin","AdminScreen","ForcedStateBlock","apps/web/src/features/admin/admin-screen.tsx","42","pending","","pending"
"2ffd33806e32df54","admin","AdminScreen","StateView","apps/web/src/features/admin/admin-screen.tsx","45","pending","","pending"
"85995b2a93ca40b1","admin","AdminScreen","StateView","apps/web/src/features/admin/admin-screen.tsx","51","pending","","pending"
"980f2d5498448bef","admin","AdminScreen","StateView","apps/web/src/features/admin/admin-screen.tsx","62","pending","","pending"
"5881eb9d5b422a5e","admin","AnalyticsBody","StateView","apps/web/src/features/admin/analytics-screen.tsx","14","pending","","pending"
"b5c9a4d3074358a2","admin","AnalyticsBody","StateView","apps/web/src/features/admin/analytics-screen.tsx","17","pending","","pending"
"c46430a8b24ef112","admin","AuditRow","Chip","apps/web/src/features/admin/audit-screen.tsx","138","pending","","pending"
"0676d5df1d57b35c","admin","AuditBody","StateView","apps/web/src/features/admin/audit-screen.tsx","251","pending","","pending"
"b5798534d6183e47","admin","AuditBody","StateView","apps/web/src/features/admin/audit-screen.tsx","254","pending","","pending"
"efda4d3231ae20ac","admin","AuditBody","FilterChip","apps/web/src/features/admin/audit-screen.tsx","275","pending","","pending"
"e945d6795d64cac4","admin","AuditBody","FilterChip","apps/web/src/features/admin/audit-screen.tsx","279","pending","","pending"
"9d851271a5cf679a","admin","AuditBody","Button","apps/web/src/features/admin/audit-screen.tsx","285","partial-bounded-evidence","event_regressions:adminAudit","pending"
"731c1ae320515410","admin","AuditBody","Button","apps/web/src/features/admin/audit-screen.tsx","288","partial-bounded-evidence","event_regressions:adminAudit","pending"
"b392bd909a5c884d","admin","AuditBody","Input","apps/web/src/features/admin/audit-screen.tsx","300","pending","","pending"
"a3da9dcecc0963a6","admin","AuditBody","Input","apps/web/src/features/admin/audit-screen.tsx","312","pending","","pending"
"7710b5c494b619eb","admin","AuditBody","StateView","apps/web/src/features/admin/audit-screen.tsx","332","pending","","pending"
"a27176944623c239","admin","AuditBody","Button","apps/web/src/features/admin/audit-screen.tsx","364","partial-bounded-evidence","event_regressions:adminAudit","pending"
"e9b2ba46f10dd4e1","admin","AuditBody","Button","apps/web/src/features/admin/audit-screen.tsx","372","partial-bounded-evidence","event_regressions:adminAudit","pending"
"56437d87e29b2813","admin","DonutChart","svg","apps/web/src/features/admin/charts.tsx","78","pending","","pending"
"52142e719d9fa6f1","admin","BarChart","div","apps/web/src/features/admin/charts.tsx","170","pending","","pending"
"9657083dbef8b487","admin","renderBody","StateView","apps/web/src/features/admin/dashboard-screen.tsx","104","pending","","pending"
"53324908d4eedc28","admin","renderBody","Button","apps/web/src/features/admin/dashboard-screen.tsx","141","partial-bounded-evidence","event_regressions:adminBackup","pending"
"d2eaa9c710c7a593","admin","renderBreakdown","StateView","apps/web/src/features/admin/dashboard-screen.tsx","188","pending","","pending"
"657337d7e527bb33","admin","renderBreakdown","Button","apps/web/src/features/admin/dashboard-screen.tsx","208","pending","","pending"
"401c9184123fb0fc","admin","UserCountTile","button","apps/web/src/features/admin/dashboard-screen.tsx","241","pending","","pending"
"2938120f297a4165","admin","UserCountTile","Collapsible","apps/web/src/features/admin/dashboard-screen.tsx","256","pending","","pending"
"94cff92eadab02a0","admin","DashboardBody","StateView","apps/web/src/features/admin/dashboard-screen.tsx","282","pending","","pending"
"bc14b4dfb97137e4","admin","DashboardBody","StateView","apps/web/src/features/admin/dashboard-screen.tsx","285","pending","","pending"
"b93cf2ea25f8bb2c","admin","DashboardBody","DataList","apps/web/src/features/admin/dashboard-screen.tsx","329","pending","","pending"
"3b9004855fb29fa9","admin","DashboardBody","DataRow","apps/web/src/features/admin/dashboard-screen.tsx","331","pending","","pending"
"8d85588928076ede","admin","DepartmentDrawer","Sheet","apps/web/src/features/admin/departments-screen.tsx","112","pending","","pending"
"3bda9ce5383f84af","admin","DepartmentDrawer","SheetContent","apps/web/src/features/admin/departments-screen.tsx","119","pending","","pending"
"52e23eb192834f31","admin","DepartmentDrawer","IconButton","apps/web/src/features/admin/departments-screen.tsx","128","pending","","pending"
"5fc9507afcb69bcf","admin","DepartmentDrawer","Button","apps/web/src/features/admin/departments-screen.tsx","139","partial-bounded-evidence","event_regressions:adminLists","pending"
"ab4e2a1997bf8c93","admin","DepartmentDrawer","Button","apps/web/src/features/admin/departments-screen.tsx","148","partial-bounded-evidence","event_regressions:adminLists","pending"
"42d1366bbfcf0fb1","admin","DepartmentDrawer","Button","apps/web/src/features/admin/departments-screen.tsx","151","partial-bounded-evidence","event_regressions:adminLists","pending"
"79a3db299aa11c7a","admin","DepartmentDrawer","Button","apps/web/src/features/admin/departments-screen.tsx","162","partial-bounded-evidence","event_regressions:adminLists","pending"
"0aabc73453fcba22","admin","DepartmentDrawer","Button","apps/web/src/features/admin/departments-screen.tsx","167","partial-bounded-evidence","event_regressions:adminLists","pending"
"89ef08b53341859f","admin","renderDetail","StateView","apps/web/src/features/admin/departments-screen.tsx","178","pending","","pending"
"79baabb22429a586","admin","renderDetail","StateView","apps/web/src/features/admin/departments-screen.tsx","181","pending","","pending"
"f08baca3dbfdf388","admin","PauseReasonSheet","Sheet","apps/web/src/features/admin/departments-screen.tsx","251","pending","","pending"
"b6aa5927e5d28184","admin","PauseReasonSheet","SheetContent","apps/web/src/features/admin/departments-screen.tsx","258","pending","","pending"
"362a1fb9b1dcedbf","admin","PauseReasonSheet","textarea","apps/web/src/features/admin/departments-screen.tsx","268","pending","","pending"
"4459b3d09d635e9b","admin","PauseReasonSheet","Button","apps/web/src/features/admin/departments-screen.tsx","275","pending","","pending"
"d2c055b1c08b727c","admin","PauseReasonSheet","Button","apps/web/src/features/admin/departments-screen.tsx","278","pending","","pending"
"8d534330005c5169","admin","DepartmentsBody","StateView","apps/web/src/features/admin/departments-screen.tsx","311","pending","","pending"
"26c623269de23988","admin","DepartmentsBody","StateView","apps/web/src/features/admin/departments-screen.tsx","315","pending","","pending"
"2b50c09506dc15c3","admin","DepartmentsBody","StateView","apps/web/src/features/admin/departments-screen.tsx","319","pending","","pending"
"51a972acf371688b","admin","DepartmentsBody","Input","apps/web/src/features/admin/departments-screen.tsx","333","partial-bounded-evidence","event_regressions:adminLists","pending"
"4c772a43b2f334d9","admin","DepartmentsBody","select","apps/web/src/features/admin/departments-screen.tsx","343","pending","","pending"
"10432b78ef43ed6b","admin","DepartmentsBody","StateView","apps/web/src/features/admin/departments-screen.tsx","360","pending","","pending"
"b0b8d027c3650d4e","admin","DepartmentsBody","StaggerItem","apps/web/src/features/admin/departments-screen.tsx","379","pending","","pending"
"254d2a49c1f4d08d","admin","DepartmentsBody","Button","apps/web/src/features/admin/departments-screen.tsx","412","pending","","pending"
"5be5c9ac335611c0","admin","DepartmentsBody","Button","apps/web/src/features/admin/departments-screen.tsx","420","pending","","pending"
"78538d14cebe2a75","admin","HealthBody","StateView","apps/web/src/features/admin/health-screen.tsx","87","pending","","pending"
"39bb68a87655b20b","admin","HealthBody","StateView","apps/web/src/features/admin/health-screen.tsx","90","pending","","pending"
"fd81ef81576523a2","admin","HealthBody","Button","apps/web/src/features/admin/health-screen.tsx","113","partial-bounded-evidence","event_regressions:adminAudit","pending"
"9c5c3350facd42ef","admin","SettingsReadError","StateView","apps/web/src/features/admin/settings-screen.tsx","45","pending","","pending"
"5a440651d42c5d35","admin","SettingsReadError","StateView","apps/web/src/features/admin/settings-screen.tsx","47","pending","","pending"
"08e12010a5cd153e","admin","RegistrationCard","StateView","apps/web/src/features/admin/settings-screen.tsx","80","pending","","pending"
"b0ef01a2c34683e5","admin","RegistrationCard","Switch","apps/web/src/features/admin/settings-screen.tsx","100","partial-bounded-evidence","event_regressions:adminSettings","pending"
"934c6c89f2e6766f","admin","MaintenanceCard","StateView","apps/web/src/features/admin/settings-screen.tsx","152","pending","","pending"
"82f7c6a32e3b16fd","admin","MaintenanceCard","Tabs","apps/web/src/features/admin/settings-screen.tsx","183","pending","","pending"
"86f1e996e5a5e48c","admin","MaintenanceCard","TabsList","apps/web/src/features/admin/settings-screen.tsx","184","pending","","pending"
"ad9b6a1c25274539","admin","MaintenanceCard","TabsTrigger","apps/web/src/features/admin/settings-screen.tsx","186","pending","","pending"
"cbb381759f1cc338","admin","MaintenanceCard","TabsContent","apps/web/src/features/admin/settings-screen.tsx","192","pending","","pending"
"47265503c9f7ed3e","admin","MaintenanceCard","textarea","apps/web/src/features/admin/settings-screen.tsx","198","pending","","pending"
"9d9ebfd486285b6e","admin","MaintenanceCard","Button","apps/web/src/features/admin/settings-screen.tsx","226","partial-bounded-evidence","event_regressions:adminSettings","pending"
"3a4279dce26720c7","admin","MaintenanceCard","Button","apps/web/src/features/admin/settings-screen.tsx","238","pending","","pending"
"dbc964e99e844dd1","admin","SentinelCard","StateView","apps/web/src/features/admin/settings-screen.tsx","271","pending","","pending"
"08745ce35cd8e8ee","admin","SentinelCard","Button","apps/web/src/features/admin/settings-screen.tsx","285","partial-bounded-evidence","event_regressions:adminSettings","pending"
"3cfcaa3f364bc326","admin","SentinelCard","IconButton","apps/web/src/features/admin/settings-screen.tsx","309","pending","","pending"
"5d539211b85f7f59","admin","renderWipeStatus","StateView","apps/web/src/features/admin/settings-screen.tsx","424","pending","","pending"
"05c8a270de1f892f","admin","renderWipeStatus","ProgressRing","apps/web/src/features/admin/settings-screen.tsx","438","pending","","pending"
"0fef9cca7c4464d4","admin","renderWipeStatus","Button","apps/web/src/features/admin/settings-screen.tsx","453","pending","","pending"
"79a71e276da7b805","admin","renderWipeStatus","StateView","apps/web/src/features/admin/settings-screen.tsx","467","pending","","pending"
"2ea7e667cb467d8f","admin","renderWipeStatus","Button","apps/web/src/features/admin/settings-screen.tsx","477","partial-bounded-evidence","event_regressions:adminSettings","pending"
"31887bc484f35959","admin","WipeCard","Dialog","apps/web/src/features/admin/settings-screen.tsx","492","pending","","pending"
"7f94612561adbc71","admin","WipeCard","DialogContent","apps/web/src/features/admin/settings-screen.tsx","499","pending","","pending"
"243485300dac8b2b","admin","renderWipeStep","Button","apps/web/src/features/admin/settings-screen.tsx","557","pending","","pending"
"4ae668837e1bc578","admin","renderWipeStep","Button","apps/web/src/features/admin/settings-screen.tsx","560","pending","","pending"
"85d0027a895ec923","admin","renderWipeStep","Input","apps/web/src/features/admin/settings-screen.tsx","574","pending","","pending"
"b12981772e0b6aac","admin","renderWipeStep","Button","apps/web/src/features/admin/settings-screen.tsx","577","pending","","pending"
"6275614dbc6e680e","admin","renderWipeStep","Button","apps/web/src/features/admin/settings-screen.tsx","580","pending","","pending"
"9a2d308443222e55","admin","renderWipeStep","Input","apps/web/src/features/admin/settings-screen.tsx","598","pending","","pending"
"cb384825f64b10f8","admin","renderWipeStep","Input","apps/web/src/features/admin/settings-screen.tsx","604","pending","","pending"
"657f0fd827fbadfd","admin","renderWipeStep","Button","apps/web/src/features/admin/settings-screen.tsx","607","pending","","pending"
"67faaff765a3028c","admin","renderWipeStep","Button","apps/web/src/features/admin/settings-screen.tsx","610","pending","","pending"
"ea69dbe51ce4c861","admin","renderWipeStep","Button","apps/web/src/features/admin/settings-screen.tsx","647","pending","","pending"
"e3250cf79b901462","admin","renderWipeStep","Button","apps/web/src/features/admin/settings-screen.tsx","650","pending","","pending"
"dedba40596464eb0","admin","ViewAsBanner","div","apps/web/src/features/admin/view-as-banner.tsx","53","pending","","pending"
"ad96cbd4201b89d2","admin","ViewAsBanner","Button","apps/web/src/features/admin/view-as-banner.tsx","58","partial-bounded-evidence","event_regressions:adminLists","pending"
"7aca2394c5c395e6","ai","BudgetGauge","ProgressRing","apps/web/src/features/ai/ai-settings-screen.tsx","136","pending","","pending"
"5e287e9f4acd198b","ai","SimulatedBanner","p","apps/web/src/features/ai/ai-settings-screen.tsx","173","pending","","pending"
"f87f2882fcf7b34c","ai","HelpersTab","StateView","apps/web/src/features/ai/ai-settings-screen.tsx","253","pending","","pending"
"b4c788decbefc637","ai","HelpersTab","StateView","apps/web/src/features/ai/ai-settings-screen.tsx","256","pending","","pending"
"35c0237c319701d6","ai","HelpersTab","input","apps/web/src/features/ai/ai-settings-screen.tsx","322","pending","","pending"
"9ef5ddf957d55741","ai","HelpersTab","Button","apps/web/src/features/ai/ai-settings-screen.tsx","365","pending","","pending"
"580bd7e93c5f3e72","ai","HelpersTab","Switch","apps/web/src/features/ai/ai-settings-screen.tsx","444","pending","","pending"
"7efed235394af29f","ai","UsageTab","StateView","apps/web/src/features/ai/ai-settings-screen.tsx","550","pending","","pending"
"3811fac860fcd849","ai","UsageTab","StateView","apps/web/src/features/ai/ai-settings-screen.tsx","553","pending","","pending"
"7944b9652aa2cb99","ai","UsageTab","StateView","apps/web/src/features/ai/ai-settings-screen.tsx","562","pending","","pending"
"3bb33c29a98900ac","ai","UsageTab","select","apps/web/src/features/ai/ai-settings-screen.tsx","575","pending","","pending"
"46e1274f559294c5","ai","UsageTab","select","apps/web/src/features/ai/ai-settings-screen.tsx","594","pending","","pending"
"4922e8a1ad49b717","ai","UsageTab","select","apps/web/src/features/ai/ai-settings-screen.tsx","613","pending","","pending"
"413cd82145861658","ai","UsageTab","p","apps/web/src/features/ai/ai-settings-screen.tsx","626","pending","","pending"
"b5290d3ac333153c","ai","UsageTab","StateView","apps/web/src/features/ai/ai-settings-screen.tsx","635","pending","","pending"
"159d36ae01e75485","ai","UsageTab","Button","apps/web/src/features/ai/ai-settings-screen.tsx","709","pending","","pending"
"876075eb0c30902a","ai","UsageTab","p","apps/web/src/features/ai/ai-settings-screen.tsx","717","pending","","pending"
"612d5e34ab476937","ai","UsageTab","Button","apps/web/src/features/ai/ai-settings-screen.tsx","723","pending","","pending"
"763b60fc47ce8ba7","ai","AiSettingsScreen","StateView","apps/web/src/features/ai/ai-settings-screen.tsx","751","pending","","pending"
"b974bdcb0525127c","ai","AiSettingsScreen","StateView","apps/web/src/features/ai/ai-settings-screen.tsx","753","pending","","pending"
"25f4b7f16e9099e3","ai","AiSettingsScreen","Tabs","apps/web/src/features/ai/ai-settings-screen.tsx","757","pending","","pending"
"6351fbcb7d1217fc","ai","AiSettingsScreen","TabsList","apps/web/src/features/ai/ai-settings-screen.tsx","763","pending","","pending"
"a85880ee3e834cac","ai","AiSettingsScreen","TabsTrigger","apps/web/src/features/ai/ai-settings-screen.tsx","765","pending","","pending"
"f83058c61002e56e","ai","AiSettingsScreen","TabsContent","apps/web/src/features/ai/ai-settings-screen.tsx","774","pending","","pending"
"766cb4f01d25fb82","ai","AiSettingsScreen","TabsContent","apps/web/src/features/ai/ai-settings-screen.tsx","777","pending","","pending"
"114dad44e23c000b","ai","AiSettingsScreen","TabsContent","apps/web/src/features/ai/ai-settings-screen.tsx","780","pending","","pending"
"91ba9cd7ce683399","ai","SearchResults","StateView","apps/web/src/features/ai/ask-panel.tsx","58","pending","","pending"
"197f29e46dd8e7f6","ai","SearchResults","StateView","apps/web/src/features/ai/ask-panel.tsx","62","pending","","pending"
"e0ba82020b08a5f5","ai","AskPanel","form","apps/web/src/features/ai/ask-panel.tsx","133","pending","","pending"
"60906f32358f8c23","ai","AskPanel","Input","apps/web/src/features/ai/ask-panel.tsx","144","pending","","pending"
"6a6750ff0b19c970","ai","AskPanel","Button","apps/web/src/features/ai/ask-panel.tsx","152","pending","","pending"
"f6d2813fe171488e","ai","AiResultPanel","p","apps/web/src/features/ai/components/ai-result-panel.tsx","88","pending","","pending"
"eef19a46e485be70","ai","ReadOnlyPanel","Button","apps/web/src/features/ai/components/ai-result-panel.tsx","195","pending","","pending"
"3d0ea25b3ffccfce","ai","ReadOnlyPanel","Button","apps/web/src/features/ai/components/ai-result-panel.tsx","203","pending","","pending"
"f4a65c4fbce77ce9","ai","ReadOnlyPanel","Button","apps/web/src/features/ai/components/ai-result-panel.tsx","207","pending","","pending"
"07284a2619055235","ai","PanelBody","div","apps/web/src/features/ai/components/ai-result-panel.tsx","231","pending","","pending"
"9ebf0f4143f8dffe","ai","PanelBody","div","apps/web/src/features/ai/components/ai-result-panel.tsx","245","pending","","pending"
"56d0374f71f3dce9","ai","CommentLink","button","apps/web/src/features/ai/components/previews.tsx","450","pending","","pending"
"38423f2ffa5d5ce8","ai","BoardRiskDigestPreview","button","apps/web/src/features/ai/components/previews.tsx","698","pending","","pending"
"a96efcb3799d8937","ai","AssigneeSuggestionsPreview","button","apps/web/src/features/ai/components/previews.tsx","768","pending","","pending"
"2aaa796bbca5047e","ai","TranslateTargetPicker","Select","apps/web/src/features/ai/components/translate-target.tsx","69","pending","","pending"
"0af3d58b8342a87e","analytics","AnalyticsScreen","StateView","apps/web/src/features/analytics/analytics-screen.tsx","114","pending","","pending"
"981747077d170f5a","analytics","AnalyticsScreen","StateView","apps/web/src/features/analytics/analytics-screen.tsx","116","pending","","pending"
"630381e0f2d9805a","analytics","AnalyticsScreen","StateView","apps/web/src/features/analytics/analytics-screen.tsx","121","pending","","pending"
"20926aaa193a5b52","analytics","AnalyticsScreen","StateView","apps/web/src/features/analytics/analytics-screen.tsx","135","pending","","pending"
"bb4515484daf9406","analytics","AnalyticsScreen","StateView","apps/web/src/features/analytics/analytics-screen.tsx","179","pending","","pending"
"3ef642bf18513a88","analytics","AnalyticsScreen","FilterBar","apps/web/src/features/analytics/analytics-screen.tsx","217","pending","","pending"
"fab98e5c574ff62d","analytics","AskAnalytics","Input","apps/web/src/features/analytics/ask-analytics.tsx","210","pending","","pending"
"b29741fb0420ee47","analytics","AskAnalytics","SparkleButton","apps/web/src/features/analytics/ask-analytics.tsx","223","pending","","pending"
"af04acd95c646d3f","analytics","ChartCard","IconButton","apps/web/src/features/analytics/chart-card.tsx","138","partial-bounded-evidence","event_regressions:analyticsControls;event_regressions-head-scope:analytics","pending"
"3545e9d0e57d6816","analytics","ChartCard","DropdownMenu","apps/web/src/features/analytics/chart-card.tsx","147","pending","","pending"
"9903ebb0440018f0","analytics","ChartCard","DropdownMenuTrigger","apps/web/src/features/analytics/chart-card.tsx","148","pending","","pending"
"2a20bd2c23a2330a","analytics","ChartCard","IconButton","apps/web/src/features/analytics/chart-card.tsx","149","partial-bounded-evidence","event_regressions:analyticsControls;event_regressions-head-scope:analytics","pending"
"848164cb386fe897","analytics","ChartCard","DropdownMenuContent","apps/web/src/features/analytics/chart-card.tsx","153","pending","","pending"
"7fc463ed54bc1f77","analytics","ChartCard","DropdownMenuItem","apps/web/src/features/analytics/chart-card.tsx","154","partial-bounded-evidence","event_regressions-head-scope:analytics","pending"
"860922962d49cbf9","analytics","ChartCard","DropdownMenuItem","apps/web/src/features/analytics/chart-card.tsx","158","pending","","pending"
"1a62f53484fa6175","analytics","ChartCard","IconButton","apps/web/src/features/analytics/chart-card.tsx","175","partial-bounded-evidence","event_regressions:analyticsControls","pending"
"92798f10ac56ee7a","analytics","FilterBar","FilterClauseChips","apps/web/src/features/analytics/filter-bar.tsx","83","pending","","pending"
"1f529eff047913a1","analytics","FilterBar","Button","apps/web/src/features/analytics/filter-bar.tsx","84","partial-bounded-evidence","event_regressions:analyticsControls","pending"
"38ee09022305a64a","analytics","FilterBar","button","apps/web/src/features/analytics/filter-bar.tsx","97","pending","","pending"
"27a957968d282a6f","analytics","FilterBar","Input","apps/web/src/features/analytics/filter-bar.tsx","109","pending","","pending"
"8f52d70f09e3044f","analytics","FilterBar","Button","apps/web/src/features/analytics/filter-bar.tsx","122","partial-bounded-evidence","event_regressions:analyticsControls","pending"
"938945d3fbae6127","analytics","FilterBar","Button","apps/web/src/features/analytics/filter-bar.tsx","126","pending","","pending"
"3d81ae1bcc08c5ef","analytics","FilterBar","FilterChip","apps/web/src/features/analytics/filter-bar.tsx","138","pending","","pending"
"c6acf04df74a0c4e","analytics","FilterBar","DatePicker","apps/web/src/features/analytics/filter-bar.tsx","152","pending","","pending"
"0002647080bdbdde","analytics","FilterBar","DatePicker","apps/web/src/features/analytics/filter-bar.tsx","163","pending","","pending"
"39ae7b299e65fd21","analytics","FilterBar","form","apps/web/src/features/analytics/filter-bar.tsx","175","pending","","pending"
"6a3541cc4d4ca9c1","analytics","FilterBar","Input","apps/web/src/features/analytics/filter-bar.tsx","196","partial-bounded-evidence","event_regressions:analyticsControls","pending"
"9c6d9c87401f5f35","analytics","FilterBar","Button","apps/web/src/features/analytics/filter-bar.tsx","204","partial-bounded-evidence","event_regressions:analyticsControls","pending"
"703318796934a7c9","analytics","FilterBar","Button","apps/web/src/features/analytics/filter-bar.tsx","207","pending","","pending"
"32b997364ecee545","analytics","FilterBar","button","apps/web/src/features/analytics/filter-bar.tsx","226","pending","","pending"
"ff7d1cb0b7b88212","analytics","FilterBar","button","apps/web/src/features/analytics/filter-bar.tsx","238","pending","","pending"
"a77b33b1cdbf7c30","analytics","ThroughputSectionImpl","Tooltip","apps/web/src/features/analytics/sections.tsx","206","pending","","pending"
"f36cf330df05c61e","analytics","OnTimeRateSectionImpl","Tooltip","apps/web/src/features/analytics/sections.tsx","288","pending","","pending"
"e49d138e4f3eea45","analytics","OpenVsOverdueSectionImpl","Tooltip","apps/web/src/features/analytics/sections.tsx","359","pending","","pending"
"3ee04f69fec2a1dd","analytics","LoadPerPersonSectionImpl","Tooltip","apps/web/src/features/analytics/sections.tsx","447","pending","","pending"
"16b5670ab7879625","analytics","LoadPerUnitSectionImpl","Tooltip","apps/web/src/features/analytics/sections.tsx","539","pending","","pending"
"92c3fa83e82ba672","analytics","ProjectProgressSectionImpl","Tooltip","apps/web/src/features/analytics/sections.tsx","620","pending","","pending"
"3776586a26136ea7","analytics","EventsParticipationSectionImpl","Tooltip","apps/web/src/features/analytics/sections.tsx","702","pending","","pending"
"dd106cecb759d2e0","analytics","PollTurnoutSectionImpl","Tooltip","apps/web/src/features/analytics/sections.tsx","796","pending","","pending"
"4148b697d96f2a3b","automations","RuleCard","article","apps/web/src/features/automations/components/automations-screen.tsx","140","pending","","pending"
"dedece1d4bfad1a5","automations","RuleCard","Switch","apps/web/src/features/automations/components/automations-screen.tsx","172","partial-bounded-evidence","event_regressions:automationControls","pending"
"0e4a0515061af646","automations","RuleCard","IconButton","apps/web/src/features/automations/components/automations-screen.tsx","178","partial-bounded-evidence","event_regressions:automationControls","pending"
"7995886993f10282","automations","RuleCard","IconButton","apps/web/src/features/automations/components/automations-screen.tsx","185","partial-bounded-evidence","event_regressions:automationControls","pending"
"33c15b81a66bb51f","automations","RuleCard","IconButton","apps/web/src/features/automations/components/automations-screen.tsx","192","partial-bounded-evidence","event_regressions:automationControls","pending"
"0c6f47ab09e27d74","automations","RuleCard","Chip","apps/web/src/features/automations/components/automations-screen.tsx","226","pending","","pending"
"bf3220f74a62aad3","automations","RuleCard","Chip","apps/web/src/features/automations/components/automations-screen.tsx","236","pending","","pending"
"bc85500055c9725c","automations","RunGroupRow","button","apps/web/src/features/automations/components/automations-screen.tsx","302","pending","","pending"
"9f0d7fac7495bfd0","automations","RunRow","button","apps/web/src/features/automations/components/automations-screen.tsx","357","pending","","pending"
"efae8fb213694053","automations","AutomationsScreen","StateView","apps/web/src/features/automations/components/automations-screen.tsx","436","pending","","pending"
"6ded5989f9096b79","automations","AutomationsScreen","StateView","apps/web/src/features/automations/components/automations-screen.tsx","536","pending","","pending"
"d3e1f7e6882bba5e","automations","AutomationsScreen","StateView","apps/web/src/features/automations/components/automations-screen.tsx","545","pending","","pending"
"571491d80cedf15e","automations","AutomationsScreen","StateView","apps/web/src/features/automations/components/automations-screen.tsx","628","pending","","pending"
"b6ffbe02f88589f0","automations","AutomationsScreen","StateView","apps/web/src/features/automations/components/automations-screen.tsx","638","pending","","pending"
"2b833b135f556231","automations","AutomationsScreen","StateView","apps/web/src/features/automations/components/automations-screen.tsx","647","pending","","pending"
"98e410632f338404","automations","AutomationsScreen","Button","apps/web/src/features/automations/components/automations-screen.tsx","688","partial-bounded-evidence","event_regressions:automationControls","pending"
"371012dd2c341205","automations","AutomationsScreen","Button","apps/web/src/features/automations/components/automations-screen.tsx","702","partial-bounded-evidence","event_regressions:automationControls","pending"
"1b983b34636a4cb6","automations","AutomationsScreen","p","apps/web/src/features/automations/components/automations-screen.tsx","711","pending","","pending"
"3826d2e7579e927e","automations","AutomationsScreen","select","apps/web/src/features/automations/components/automations-screen.tsx","732","pending","","pending"
"ae6b1e77545a2661","automations","AutomationsScreen","select","apps/web/src/features/automations/components/automations-screen.tsx","750","pending","","pending"
"fec1e15ee09b81ec","automations","AutomationsScreen","p","apps/web/src/features/automations/components/automations-screen.tsx","766","pending","","pending"
"10261d099a308205","automations","AutomationsScreen","Button","apps/web/src/features/automations/components/automations-screen.tsx","791","pending","","pending"
"35ac3efae9815ffe","automations","AutomationsScreen","Button","apps/web/src/features/automations/components/automations-screen.tsx","802","pending","","pending"
"61c2a18a6e381bab","automations","AutomationsScreen","p","apps/web/src/features/automations/components/automations-screen.tsx","810","pending","","pending"
"73ae762df799dc45","automations","AutomationsScreen","Button","apps/web/src/features/automations/components/automations-screen.tsx","816","pending","","pending"
"71cbe07397d605aa","automations","AutomationsScreen","Dialog","apps/web/src/features/automations/components/automations-screen.tsx","829","pending","","pending"
"065e6dc300cdc6e8","automations","AutomationsScreen","DialogContent","apps/web/src/features/automations/components/automations-screen.tsx","837","pending","","pending"
"2888c91ba708628a","automations","AutomationsScreen","RuleBuilder","apps/web/src/features/automations/components/automations-screen.tsx","841","pending","","pending"
"e56ed3d318955474","automations","ActionRow","Select","apps/web/src/features/automations/components/rule-builder.tsx","109","pending","","pending"
"6492c294ac1622ce","automations","ActionRow","IconButton","apps/web/src/features/automations/components/rule-builder.tsx","119","pending","","pending"
"b7c9727946081bfa","automations","ActionRow","Select","apps/web/src/features/automations/components/rule-builder.tsx","131","pending","","pending"
"a7336cae98a5ffc9","automations","ActionRow","Select","apps/web/src/features/automations/components/rule-builder.tsx","152","pending","","pending"
"9b91c558f73e1d88","automations","ActionRow","Select","apps/web/src/features/automations/components/rule-builder.tsx","175","pending","","pending"
"2ca29c2ad9ed49fc","automations","ActionRow","Select","apps/web/src/features/automations/components/rule-builder.tsx","193","pending","","pending"
"a01f532d4aaad0cd","automations","ActionRow","Textarea","apps/web/src/features/automations/components/rule-builder.tsx","217","pending","","pending"
"ca9cb7723e6cf8dc","automations","ActionRow","Input","apps/web/src/features/automations/components/rule-builder.tsx","239","pending","","pending"
"61d7823967dd1e92","automations","ActionRow","Input","apps/web/src/features/automations/components/rule-builder.tsx","251","pending","","pending"
"040ec77ceb68f98f","automations","RuleBuilder","form","apps/web/src/features/automations/components/rule-builder.tsx","357","pending","","pending"
"0aa8e534c6a66c10","automations","RuleBuilder","p","apps/web/src/features/automations/components/rule-builder.tsx","359","pending","","pending"
"21e8bc806887d9d9","automations","RuleBuilder","Input","apps/web/src/features/automations/components/rule-builder.tsx","364","pending","","pending"
"be3029d4add9873b","automations","RuleBuilder","Select","apps/web/src/features/automations/components/rule-builder.tsx","387","partial-bounded-evidence","event_regressions:automationControls","pending"
"dd5d22595d96ff01","automations","RuleBuilder","Select","apps/web/src/features/automations/components/rule-builder.tsx","401","pending","","pending"
"61d91f1281e09de0","automations","RuleBuilder","Input","apps/web/src/features/automations/components/rule-builder.tsx","424","pending","","pending"
"a285287927328d0e","automations","RuleBuilder","Select","apps/web/src/features/automations/components/rule-builder.tsx","444","partial-bounded-evidence","event_regressions:automationControls","pending"
"37aebf67f0c950c6","automations","RuleBuilder","Input","apps/web/src/features/automations/components/rule-builder.tsx","466","pending","","pending"
"3a67f0641f9d5aea","automations","RuleBuilder","ActionRow","apps/web/src/features/automations/components/rule-builder.tsx","484","pending","","pending"
"4231ce6c7606bde1","automations","RuleBuilder","Button","apps/web/src/features/automations/components/rule-builder.tsx","500","pending","","pending"
"c73d590bf91efe07","automations","RuleBuilder","Button","apps/web/src/features/automations/components/rule-builder.tsx","518","pending","","pending"
"1dff8d9fd4b37a59","automations","RuleBuilder","Button","apps/web/src/features/automations/components/rule-builder.tsx","521","partial-bounded-evidence","event_regressions:automationControls","pending"
"fd109aef54bff63f","calendar","CalendarScreen","Tabs","apps/web/src/features/calendar/calendar-screen.tsx","42","pending","","pending"
"57cf70816f1c3b2e","calendar","CalendarScreen","TabsList","apps/web/src/features/calendar/calendar-screen.tsx","48","pending","","pending"
"8d841ad1bb83fe5a","calendar","CalendarScreen","TabsTrigger","apps/web/src/features/calendar/calendar-screen.tsx","50","pending","","pending"
"32815cf6e6128104","calendar","CalendarScreen","TabsContent","apps/web/src/features/calendar/calendar-screen.tsx","56","pending","","pending"
"cb8d49461dc4b309","calendar","CalendarScreen","TabsContent","apps/web/src/features/calendar/calendar-screen.tsx","59","pending","","pending"
"cef57c7c906ef052","calendar","CalendarScreen","TabsContent","apps/web/src/features/calendar/calendar-screen.tsx","62","pending","","pending"
"b70bdf40f78345a0","calendar","AddToCalendarMenu","DropdownMenu","apps/web/src/features/calendar/components/add-to-calendar-menu.tsx","69","pending","","pending"
"6e1815e4830beff8","calendar","AddToCalendarMenu","DropdownMenuTrigger","apps/web/src/features/calendar/components/add-to-calendar-menu.tsx","70","pending","","pending"
"0278a776058e3b81","calendar","AddToCalendarMenu","Button","apps/web/src/features/calendar/components/add-to-calendar-menu.tsx","72","pending","","pending"
"947b6c8e2f279437","calendar","AddToCalendarMenu","DropdownMenuContent","apps/web/src/features/calendar/components/add-to-calendar-menu.tsx","78","pending","","pending"
"15389e34242de4fd","calendar","items","DropdownMenuItem","apps/web/src/features/calendar/components/add-to-calendar-menu.tsx","97","pending","","pending"
"44f26172246de7ec","calendar","items","DropdownMenuItem","apps/web/src/features/calendar/components/add-to-calendar-menu.tsx","102","pending","","pending"
"778b2b2edeec367f","calendar","items","DropdownMenuItem","apps/web/src/features/calendar/components/add-to-calendar-menu.tsx","111","pending","","pending"
"9aad949ff794319d","calendar","AgendaPanel","SegmentedControl","apps/web/src/features/calendar/components/agenda-panel.tsx","62","partial-bounded-evidence","root-calendar-shell:agenda","pending"
"7e5e788f0b255a28","calendar","body","StateView","apps/web/src/features/calendar/components/agenda-panel.tsx","73","pending","","pending"
"ae20110740e7fe44","calendar","body","StateView","apps/web/src/features/calendar/components/agenda-panel.tsx","82","pending","","pending"
"29dea8cdf4e41913","calendar","body","StateView","apps/web/src/features/calendar/components/agenda-panel.tsx","88","pending","","pending"
"eb55cb4be93dd5f7","calendar","body","StateView","apps/web/src/features/calendar/components/agenda-panel.tsx","97","partial-bounded-evidence","root-calendar-shell:recovery","pending"
"63545e06116cccaa","calendar","body","StateView","apps/web/src/features/calendar/components/agenda-panel.tsx","110","partial-bounded-evidence","root-calendar-shell:recovery","pending"
"c749a9fefcf31e08","calendar","body","button","apps/web/src/features/calendar/components/agenda-panel.tsx","139","partial-bounded-evidence","root-calendar-shell:agenda","pending"
"a4e9c52626bf9829","calendar","body","StateView","apps/web/src/features/calendar/components/canvas-share-dialog.tsx","129","pending","","pending"
"bec91ce8fcc821b5","calendar","body","StateView","apps/web/src/features/calendar/components/canvas-share-dialog.tsx","132","pending","","pending"
"d94873a41db45324","calendar","body","Select","apps/web/src/features/calendar/components/canvas-share-dialog.tsx","143","pending","","pending"
"bb882e806582a2d1","calendar","body","Switch","apps/web/src/features/calendar/components/canvas-share-dialog.tsx","158","pending","","pending"
"94598059d4b4a5a6","calendar","body","p","apps/web/src/features/calendar/components/canvas-share-dialog.tsx","178","pending","","pending"
"de5151386817180e","calendar","body","Button","apps/web/src/features/calendar/components/canvas-share-dialog.tsx","188","pending","","pending"
"d6046c13225c93a8","calendar","CanvasShareDialog","Dialog","apps/web/src/features/calendar/components/canvas-share-dialog.tsx","199","pending","","pending"
"808f2cfbda75489f","calendar","CanvasShareDialog","DialogContent","apps/web/src/features/calendar/components/canvas-share-dialog.tsx","200","pending","","pending"
"e0f5ea6841a74f55","calendar","CanvasShareDialog","form","apps/web/src/features/calendar/components/canvas-share-dialog.tsx","201","pending","","pending"
"e56e9dc4cc340533","calendar","CanvasShareDialog","RadioGroup","apps/web/src/features/calendar/components/canvas-share-dialog.tsx","215","pending","","pending"
"84afe147c1af98e5","calendar","CanvasShareDialog","RadioOption","apps/web/src/features/calendar/components/canvas-share-dialog.tsx","220","pending","","pending"
"6604a2ca0940a256","calendar","CanvasShareDialog","RadioOption","apps/web/src/features/calendar/components/canvas-share-dialog.tsx","221","pending","","pending"
"f27815a12c881490","calendar","CopyRow","input","apps/web/src/features/calendar/components/feeds-panel.tsx","91","partial-bounded-evidence","event_regressions-calendar-fields:feedLifecycle;root-calendar-shell:clipboard","pending"
"5b9d5a7d4f8de8d0","calendar","CopyRow","IconButton","apps/web/src/features/calendar/components/feeds-panel.tsx","100","partial-bounded-evidence","event_regressions-calendar-fields:clipboard;root-calendar-shell:clipboard","pending"
"69d322bb329543a0","calendar","FeedCard","DropdownMenu","apps/web/src/features/calendar/components/feeds-panel.tsx","138","pending","","pending"
"d952c5371106f001","calendar","FeedCard","DropdownMenuTrigger","apps/web/src/features/calendar/components/feeds-panel.tsx","139","pending","","pending"
"d4d57667ca9ec2f9","calendar","FeedCard","IconButton","apps/web/src/features/calendar/components/feeds-panel.tsx","140","partial-bounded-evidence","event_regressions-calendar-fields:feedLifecycle","pending"
"8efa623b1f11681f","calendar","FeedCard","DropdownMenuContent","apps/web/src/features/calendar/components/feeds-panel.tsx","144","pending","","pending"
"4bec04d4cd8b6b3f","calendar","FeedCard","DropdownMenuItem","apps/web/src/features/calendar/components/feeds-panel.tsx","145","partial-bounded-evidence","event_regressions-calendar-fields:feedLifecycle","pending"
"007c73d0e4de9634","calendar","FeedCard","DropdownMenuItem","apps/web/src/features/calendar/components/feeds-panel.tsx","149","partial-bounded-evidence","event_regressions-calendar-fields:feedLifecycle","pending"
"a20d8f0f0606b456","calendar","FeedCard","Dialog","apps/web/src/features/calendar/components/feeds-panel.tsx","196","pending","","pending"
"2782d5ebca5d1cc2","calendar","FeedCard","DialogContent","apps/web/src/features/calendar/components/feeds-panel.tsx","197","pending","","pending"
"69bd2ef16fb8bbec","calendar","FeedCard","p","apps/web/src/features/calendar/components/feeds-panel.tsx","205","pending","","pending"
"18a2b7a19b361c7b","calendar","FeedCard","Button","apps/web/src/features/calendar/components/feeds-panel.tsx","210","partial-bounded-evidence","event_regressions-calendar-fields:feedLifecycle","pending"
"deedc6630559e399","calendar","FeedCard","Button","apps/web/src/features/calendar/components/feeds-panel.tsx","213","partial-bounded-evidence","event_regressions-calendar-fields:feedLifecycle","pending"
"c29e7d074d0137fd","calendar","CreateFeedDialog","Dialog","apps/web/src/features/calendar/components/feeds-panel.tsx","278","pending","","pending"
"4e4c9670b46aeb97","calendar","CreateFeedDialog","DialogContent","apps/web/src/features/calendar/components/feeds-panel.tsx","279","pending","","pending"
"debcff975ec36772","calendar","CreateFeedDialog","form","apps/web/src/features/calendar/components/feeds-panel.tsx","287","pending","","pending"
"09bf46915e69cb99","calendar","CreateFeedDialog","Input","apps/web/src/features/calendar/components/feeds-panel.tsx","289","partial-bounded-evidence","event_regressions-calendar-fields:feedCreate;root-calendar-shell:lateCreate","pending"
"82bbe953fbec4572","calendar","CreateFeedDialog","RadioGroup","apps/web/src/features/calendar/components/feeds-panel.tsx","302","pending","","pending"
"77f75a5fee1bcb1e","calendar","CreateFeedDialog","RadioOption","apps/web/src/features/calendar/components/feeds-panel.tsx","308","partial-bounded-evidence","event_regressions-calendar-fields:feedLifecycle","pending"
"8ba07286727f1bbd","calendar","CreateFeedDialog","p","apps/web/src/features/calendar/components/feeds-panel.tsx","319","partial-bounded-evidence","root-calendar-shell:cap","pending"
"c746b218e434ca4a","calendar","CreateFeedDialog","Button","apps/web/src/features/calendar/components/feeds-panel.tsx","325","partial-bounded-evidence","event_regressions-calendar-fields:feedCreate","pending"
"ddb3d9035c9d16d1","calendar","body","StateView","apps/web/src/features/calendar/components/feeds-panel.tsx","361","pending","","pending"
"b05ab9701fa34e8a","calendar","body","StateView","apps/web/src/features/calendar/components/feeds-panel.tsx","369","pending","","pending"
"060c5069e2e94b6a","calendar","body","StateView","apps/web/src/features/calendar/components/feeds-panel.tsx","375","pending","","pending"
"9c1735c14e50db99","calendar","body","StateView","apps/web/src/features/calendar/components/feeds-panel.tsx","384","partial-bounded-evidence","root-calendar-shell:recovery","pending"
"5610218d4348be0a","calendar","body","StateView","apps/web/src/features/calendar/components/feeds-panel.tsx","397","partial-bounded-evidence","root-calendar-shell:recovery","pending"
"7346f1bb2944e24a","calendar","FeedsPanel","div","apps/web/src/features/calendar/components/feeds-panel.tsx","418","pending","","pending"
"19d30cb69d9a6075","calendar","FeedsPanel","Button","apps/web/src/features/calendar/components/feeds-panel.tsx","424","pending","","pending"
"0f4034187051656c","calendar","control","StateView","apps/web/src/features/calendar/components/push-panel.tsx","97","pending","","pending"
"b705f028ada1bb96","calendar","control","StateView","apps/web/src/features/calendar/components/push-panel.tsx","106","pending","","pending"
"5479b25c405a50e1","calendar","control","StateView","apps/web/src/features/calendar/components/push-panel.tsx","112","pending","","pending"
"1d0004db65230577","calendar","control","StateView","apps/web/src/features/calendar/components/push-panel.tsx","125","pending","","pending"
"bd7816818c1215d4","calendar","control","StateView","apps/web/src/features/calendar/components/push-panel.tsx","135","pending","","pending"
"663765e860e762ec","calendar","control","StateView","apps/web/src/features/calendar/components/push-panel.tsx","145","pending","","pending"
"22aa2bea1d1d9d18","calendar","control","Button","apps/web/src/features/calendar/components/push-panel.tsx","164","pending","","pending"
"0e4e948cac06e19d","calendar","control","Button","apps/web/src/features/calendar/components/push-panel.tsx","171","pending","","pending"
"9832f4719b237c88","calendar","PushPanel","Card","apps/web/src/features/calendar/components/push-panel.tsx","220","pending","","pending"
"a7d31caa7109ed43","calendar","surface","StateView","apps/web/src/features/calendar/components/shared-canvas-panel.tsx","82","pending","","pending"
"bc13e32996b268a1","calendar","surface","StateView","apps/web/src/features/calendar/components/shared-canvas-panel.tsx","86","pending","","pending"
"852c25f2f38dfa6b","calendar","SharedCanvasPanel","Card","apps/web/src/features/calendar/components/shared-canvas-panel.tsx","124","pending","","pending"
"ed768e43b7414f72","calendar","SharedCanvasPanel","Button","apps/web/src/features/calendar/components/shared-canvas-panel.tsx","141","pending","","pending"
"0b8164f6686f9293","calendar","SharedCanvasPanel","Dialog","apps/web/src/features/calendar/components/shared-canvas-panel.tsx","154","pending","","pending"
"730adb48051b3721","calendar","SharedCanvasPanel","DialogContent","apps/web/src/features/calendar/components/shared-canvas-panel.tsx","155","pending","","pending"
"6ecf95b545906efd","calendar","SharedCanvasPanel","Button","apps/web/src/features/calendar/components/shared-canvas-panel.tsx","161","pending","","pending"
"692ea7c0768571df","calendar","SharedCanvasPanel","Button","apps/web/src/features/calendar/components/shared-canvas-panel.tsx","164","pending","","pending"
"4c0892cb2a94f8a5","departments","ApprovalQueueScreen","StateView","apps/web/src/features/departments/approval-queue-screen.tsx","75","pending","","pending"
"be2e7aa3fba2334b","departments","ApprovalQueueScreen","StateView","apps/web/src/features/departments/approval-queue-screen.tsx","79","pending","","pending"
"15dc43b6982cb7db","departments","ApprovalQueueScreen","StateView","apps/web/src/features/departments/approval-queue-screen.tsx","83","pending","","pending"
"d1f6a6897affc455","departments","ApprovalQueueScreen","Tabs","apps/web/src/features/departments/approval-queue-screen.tsx","98","pending","","pending"
"a1d10533085b0c11","departments","ApprovalQueueScreen","TabsList","apps/web/src/features/departments/approval-queue-screen.tsx","106","pending","","pending"
"b11f243d4830b62c","departments","ApprovalQueueScreen","TabsTrigger","apps/web/src/features/departments/approval-queue-screen.tsx","107","pending","","pending"
"984bcf3a005b9c2a","departments","ApprovalQueueScreen","TabsTrigger","apps/web/src/features/departments/approval-queue-screen.tsx","110","pending","","pending"
"75e5a2ae29363c31","departments","ApprovalQueueScreen","TabsContent","apps/web/src/features/departments/approval-queue-screen.tsx","115","pending","","pending"
"1b2b6afb7df9c336","departments","ApprovalQueueScreen","StateView","apps/web/src/features/departments/approval-queue-screen.tsx","117","pending","","pending"
"55bb6b22a1eb4982","departments","ApprovalQueueScreen","DataList","apps/web/src/features/departments/approval-queue-screen.tsx","120","pending","","pending"
"79775ee43d649e83","departments","ApprovalQueueScreen","DataRow","apps/web/src/features/departments/approval-queue-screen.tsx","122","pending","","pending"
"acde3748649ee278","departments","ApprovalQueueScreen","Sheet","apps/web/src/features/departments/approval-queue-screen.tsx","150","pending","","pending"
"cf1f02dce3fe63f7","departments","ApprovalQueueScreen","SheetContent","apps/web/src/features/departments/approval-queue-screen.tsx","161","pending","","pending"
"11d6fea054e145da","departments","ApprovalQueueScreen","IconButton","apps/web/src/features/departments/approval-queue-screen.tsx","175","pending","","pending"
"4110db5213e256a8","departments","ApprovalQueueScreen","textarea","apps/web/src/features/departments/approval-queue-screen.tsx","223","pending","","pending"
"6e439fd46d35c616","departments","ApprovalQueueScreen","Button","apps/web/src/features/departments/approval-queue-screen.tsx","231","pending","","pending"
"42f78ce5d4485f00","departments","ApprovalQueueScreen","Button","apps/web/src/features/departments/approval-queue-screen.tsx","234","pending","","pending"
"461169a0520c6d0d","departments","ApprovalQueueScreen","Button","apps/web/src/features/departments/approval-queue-screen.tsx","245","pending","","pending"
"460985dd019587ca","departments","ApprovalQueueScreen","Button","apps/web/src/features/departments/approval-queue-screen.tsx","252","pending","","pending"
"15fea98343064261","departments","ConfirmDialog","Dialog","apps/web/src/features/departments/components/confirm-dialog.tsx","49","pending","","pending"
"9bc6e9bda1e18a74","departments","ConfirmDialog","DialogContent","apps/web/src/features/departments/components/confirm-dialog.tsx","50","pending","","pending"
"21d7d9dac0608d4c","departments","ConfirmDialog","p","apps/web/src/features/departments/components/confirm-dialog.tsx","54","pending","","pending"
"bdbd557a5663e611","departments","ConfirmDialog","p","apps/web/src/features/departments/components/confirm-dialog.tsx","59","pending","","pending"
"c7029095f5b5cdbc","departments","ConfirmDialog","Input","apps/web/src/features/departments/components/confirm-dialog.tsx","68","pending","","pending"
"f0e55b55fe8bdd7d","departments","ConfirmDialog","Button","apps/web/src/features/departments/components/confirm-dialog.tsx","80","pending","","pending"
"3296a9640b887943","departments","ConfirmDialog","Button","apps/web/src/features/departments/components/confirm-dialog.tsx","84","pending","","pending"
"a994a8c32efa8a49","departments","PendingRequestView","Button","apps/web/src/features/departments/components/pending-request-view.tsx","137","pending","","pending"
"4bf3680a66475a69","departments","CreateRequestScreen","StateView","apps/web/src/features/departments/create-request-screen.tsx","91","pending","","pending"
"474c4909919fbca8","departments","CreateRequestScreen","StateView","apps/web/src/features/departments/create-request-screen.tsx","94","pending","","pending"
"795a202f9c2ccce2","departments","CreateRequestScreen","form","apps/web/src/features/departments/create-request-screen.tsx","176","pending","","pending"
"e9daac71697a8021","departments","CreateRequestScreen","Input","apps/web/src/features/departments/create-request-screen.tsx","192","pending","","pending"
"2afcba644c3e7e33","departments","CreateRequestScreen","textarea","apps/web/src/features/departments/create-request-screen.tsx","210","pending","","pending"
"6707e622c8eb95a8","departments","CreateRequestScreen","input","apps/web/src/features/departments/create-request-screen.tsx","226","pending","","pending"
"803fb9fb41875153","departments","CreateRequestScreen","Input","apps/web/src/features/departments/create-request-screen.tsx","233","pending","","pending"
"8a0f78b10aa5a80d","departments","CreateRequestScreen","IconButton","apps/web/src/features/departments/create-request-screen.tsx","238","pending","","pending"
"7463b16e325ae6e3","departments","CreateRequestScreen","Button","apps/web/src/features/departments/create-request-screen.tsx","247","pending","","pending"
"9b5d167a8955f4b0","departments","CreateRequestScreen","select","apps/web/src/features/departments/create-request-screen.tsx","263","pending","","pending"
"d43dbd48f0c2efc8","departments","CreateRequestScreen","Button","apps/web/src/features/departments/create-request-screen.tsx","311","pending","","pending"
"7f791297039e711b","departments","CreateRequestScreen","Button","apps/web/src/features/departments/create-request-screen.tsx","319","pending","","pending"
"022202032c3a8352","departments","CreateRequestScreen","Button","apps/web/src/features/departments/create-request-screen.tsx","324","pending","","pending"
"9195a77b66cc7b85","departments","GeneralTab","StateView","apps/web/src/features/departments/department-detail-screen.tsx","109","pending","","pending"
"7d51954ccd0e2aba","departments","GeneralTab","StateView","apps/web/src/features/departments/department-detail-screen.tsx","113","pending","","pending"
"504371f7da975a60","departments","GeneralTab","Button","apps/web/src/features/departments/department-detail-screen.tsx","151","pending","","pending"
"cfda8bc0b319e738","departments","GeneralTab","p","apps/web/src/features/departments/department-detail-screen.tsx","169","pending","","pending"
"92c02a45b9ba0366","departments","GeneralTab","Switch","apps/web/src/features/departments/department-detail-screen.tsx","177","pending","","pending"
"81f9e06909af66c1","departments","GeneralTab","Switch","apps/web/src/features/departments/department-detail-screen.tsx","190","pending","","pending"
"fe423d3ba36c7075","departments","GeneralTab","RadioGroup","apps/web/src/features/departments/department-detail-screen.tsx","203","pending","","pending"
"96c2b538ba711be9","departments","GeneralTab","RadioOption","apps/web/src/features/departments/department-detail-screen.tsx","210","pending","","pending"
"3c2e6382d440da30","departments","GeneralTab","RadioOption","apps/web/src/features/departments/department-detail-screen.tsx","215","pending","","pending"
"df6f4c1f016efe7f","departments","InviteTab","StateView","apps/web/src/features/departments/department-detail-screen.tsx","285","pending","","pending"
"ee0bec534e9835f3","departments","InviteTab","StateView","apps/web/src/features/departments/department-detail-screen.tsx","288","pending","","pending"
"28b378a73d886a54","departments","InviteTab","Button","apps/web/src/features/departments/department-detail-screen.tsx","324","pending","","pending"
"b4fb59da70ee902f","departments","InviteTab","Input","apps/web/src/features/departments/department-detail-screen.tsx","342","pending","","pending"
"eb90df9edaefebca","departments","InviteTab","IconButton","apps/web/src/features/departments/department-detail-screen.tsx","348","pending","","pending"
"da779dc3002dd970","departments","InviteTab","Input","apps/web/src/features/departments/department-detail-screen.tsx","364","pending","","pending"
"07637cb2c07a7f9b","departments","InviteTab","IconButton","apps/web/src/features/departments/department-detail-screen.tsx","370","pending","","pending"
"1fcf60746e7fe948","departments","InviteTab","Switch","apps/web/src/features/departments/department-detail-screen.tsx","386","pending","","pending"
"dc7ae15cad8ed9c7","departments","InviteTab","p","apps/web/src/features/departments/department-detail-screen.tsx","396","pending","","pending"
"759e9c4f3e8eeeb7","departments","InviteTab","QRCodeSVG","apps/web/src/features/departments/department-detail-screen.tsx","405","pending","","pending"
"e22a3ae962bb7b20","departments","InviteTab","Button","apps/web/src/features/departments/department-detail-screen.tsx","426","pending","","pending"
"84c818bde663e589","departments","InviteTab","p","apps/web/src/features/departments/department-detail-screen.tsx","442","pending","","pending"
"8a74f4fff9fbed36","departments","InviteTab","Input","apps/web/src/features/departments/department-detail-screen.tsx","449","pending","","pending"
"e03962bc14bb561c","departments","InviteTab","Button","apps/web/src/features/departments/department-detail-screen.tsx","455","pending","","pending"
"7424202b37e3f851","departments","InviteTab","Input","apps/web/src/features/departments/department-detail-screen.tsx","469","pending","","pending"
"1df43b0ec711dc40","departments","InviteTab","Button","apps/web/src/features/departments/department-detail-screen.tsx","480","pending","","pending"
"0160fee8ff1cf313","departments","JoinRequestsCard","StateView","apps/web/src/features/departments/department-detail-screen.tsx","629","pending","","pending"
"120f92678947387b","departments","JoinRequestsCard","StateView","apps/web/src/features/departments/department-detail-screen.tsx","636","pending","","pending"
"524c4b7937f06689","departments","JoinRequestsCard","StateView","apps/web/src/features/departments/department-detail-screen.tsx","664","pending","","pending"
"e9291576f9e16f9e","departments","JoinRequestsCard","DataList","apps/web/src/features/departments/department-detail-screen.tsx","672","pending","","pending"
"e609d59b5342edf2","departments","JoinRequestsCard","DataRow","apps/web/src/features/departments/department-detail-screen.tsx","676","pending","","pending"
"b6f6aaac9b1d59eb","departments","JoinRequestsCard","Button","apps/web/src/features/departments/department-detail-screen.tsx","689","pending","","pending"
"0486cd56301e9781","departments","JoinRequestsCard","Button","apps/web/src/features/departments/department-detail-screen.tsx","704","pending","","pending"
"a9410569fa254117","departments","FeaturesCard","Switch","apps/web/src/features/departments/department-detail-screen.tsx","808","pending","","pending"
"f765e3f9408f7923","departments","MemberRow","DataRow","apps/web/src/features/departments/department-detail-screen.tsx","854","pending","","pending"
"5fb7eb1ec0785825","departments","MemberRow","Button","apps/web/src/features/departments/department-detail-screen.tsx","868","pending","","pending"
"46b95eb66b812ea9","departments","MemberRow","DropdownMenu","apps/web/src/features/departments/department-detail-screen.tsx","873","pending","","pending"
"90ad30e453717997","departments","MemberRow","DropdownMenuTrigger","apps/web/src/features/departments/department-detail-screen.tsx","874","pending","","pending"
"dcccbbc26fd363a6","departments","MemberRow","IconButton","apps/web/src/features/departments/department-detail-screen.tsx","879","pending","","pending"
"362b2d9a94f8a850","departments","MemberRow","DropdownMenuContent","apps/web/src/features/departments/department-detail-screen.tsx","886","pending","","pending"
"aef904681edcb25e","departments","MemberRow","DropdownMenuItem","apps/web/src/features/departments/department-detail-screen.tsx","889","pending","","pending"
"d611fc66c9839c8d","departments","MemberRow","DropdownMenuItem","apps/web/src/features/departments/department-detail-screen.tsx","892","pending","","pending"
"541963fb250ceec3","departments","MemberRow","DropdownMenuItem","apps/web/src/features/departments/department-detail-screen.tsx","898","pending","","pending"
"393acdbbc88da90c","departments","MembersTab","StateView","apps/web/src/features/departments/department-detail-screen.tsx","1058","pending","","pending"
"6290c3db32697598","departments","MembersTab","StateView","apps/web/src/features/departments/department-detail-screen.tsx","1061","pending","","pending"
"28498261da6aaa16","departments","MembersTab","StateView","apps/web/src/features/departments/department-detail-screen.tsx","1081","pending","","pending"
"876e1efc982bb2c3","departments","MembersTab","DataList","apps/web/src/features/departments/department-detail-screen.tsx","1084","pending","","pending"
"c30ce7ad3b27b838","departments","DangerTab","Button","apps/web/src/features/departments/department-detail-screen.tsx","1228","pending","","pending"
"7407ac7da26209fb","departments","DepartmentDetailScreen","StateView","apps/web/src/features/departments/department-detail-screen.tsx","1292","pending","","pending"
"f05ccf8e81845b3c","departments","DepartmentDetailScreen","StateView","apps/web/src/features/departments/department-detail-screen.tsx","1305","pending","","pending"
"200e3f364f97103e","departments","DepartmentDetailScreen","StateView","apps/web/src/features/departments/department-detail-screen.tsx","1310","pending","","pending"
"8308186a936c0de5","departments","DepartmentDetailScreen","StateView","apps/web/src/features/departments/department-detail-screen.tsx","1314","pending","","pending"
"462f69f6ee231ac0","departments","DepartmentDetailScreen","Tabs","apps/web/src/features/departments/department-detail-screen.tsx","1331","pending","","pending"
"fa5c7d8446d541e8","departments","DepartmentDetailScreen","TabsList","apps/web/src/features/departments/department-detail-screen.tsx","1340","pending","","pending"
"da6b8e96e5eab719","departments","DepartmentDetailScreen","TabsTrigger","apps/web/src/features/departments/department-detail-screen.tsx","1341","pending","","pending"
"20bfbcf866ee1fe9","departments","DepartmentDetailScreen","TabsTrigger","apps/web/src/features/departments/department-detail-screen.tsx","1343","pending","","pending"
"e370d1e71f2900a2","departments","DepartmentDetailScreen","TabsTrigger","apps/web/src/features/departments/department-detail-screen.tsx","1345","pending","","pending"
"6bc5423e80500d51","departments","DepartmentDetailScreen","TabsTrigger","apps/web/src/features/departments/department-detail-screen.tsx","1347","pending","","pending"
"6d23e882a35e1869","departments","DepartmentDetailScreen","TabsContent","apps/web/src/features/departments/department-detail-screen.tsx","1353","pending","","pending"
"18bba3e90941109a","departments","DepartmentDetailScreen","TabsContent","apps/web/src/features/departments/department-detail-screen.tsx","1357","pending","","pending"
"ca32742f19b050e5","departments","DepartmentDetailScreen","TabsContent","apps/web/src/features/departments/department-detail-screen.tsx","1361","pending","","pending"
"2e50641b9b3082ff","departments","DepartmentDetailScreen","TabsContent","apps/web/src/features/departments/department-detail-screen.tsx","1365","pending","","pending"
"971aee334f66e00d","departments","ChoiceCard","button","apps/web/src/features/departments/departments-hub-screen.tsx","77","pending","","pending"
"0b543254883480cb","departments","InviteBlock","Input","apps/web/src/features/departments/departments-hub-screen.tsx","179","pending","","pending"
"c8245ca0a26cb2af","departments","InviteBlock","IconButton","apps/web/src/features/departments/departments-hub-screen.tsx","185","pending","","pending"
"be97e8b63fd6f454","departments","InviteBlock","QRCodeSVG","apps/web/src/features/departments/departments-hub-screen.tsx","222","pending","","pending"
"e33d7a9a35747977","departments","InviteBlock","Button","apps/web/src/features/departments/departments-hub-screen.tsx","242","pending","","pending"
"5c63b57c51968687","departments","InviteBlock","Input","apps/web/src/features/departments/departments-hub-screen.tsx","248","pending","","pending"
"c3a45871fc4dd3dd","departments","InviteBlock","Sheet","apps/web/src/features/departments/departments-hub-screen.tsx","261","pending","","pending"
"3be84681af536c2d","departments","InviteBlock","SheetContent","apps/web/src/features/departments/departments-hub-screen.tsx","262","pending","","pending"
"3c25f26f1593a194","departments","InviteBlock","Button","apps/web/src/features/departments/departments-hub-screen.tsx","274","pending","","pending"
"cff096fc8d28a779","departments","InviteBlock","Button","apps/web/src/features/departments/departments-hub-screen.tsx","277","pending","","pending"
"35064a6779efc86d","departments","CurrentDepartmentCard","Button","apps/web/src/features/departments/departments-hub-screen.tsx","361","pending","","pending"
"7a760959e0021849","departments","DepartmentsHubScreen","StateView","apps/web/src/features/departments/departments-hub-screen.tsx","394","pending","","pending"
"a4b40dac13191cd7","departments","DepartmentsHubScreen","StateView","apps/web/src/features/departments/departments-hub-screen.tsx","398","pending","","pending"
"0d6fca05769b35e9","departments","DepartmentsHubScreen","ChoiceCard","apps/web/src/features/departments/departments-hub-screen.tsx","447","pending","","pending"
"bd9ad14314133fec","departments","DepartmentsHubScreen","ChoiceCard","apps/web/src/features/departments/departments-hub-screen.tsx","456","pending","","pending"
"21efac2c2d987281","departments","DepartmentsHubScreen","Button","apps/web/src/features/departments/departments-hub-screen.tsx","480","pending","","pending"
"71e76f03cb893ea1","departments","DepartmentsHubScreen","Button","apps/web/src/features/departments/departments-hub-screen.tsx","483","pending","","pending"
"4f3d511c61974d9e","departments","DepartmentsHubScreen","button","apps/web/src/features/departments/departments-hub-screen.tsx","513","pending","","pending"
"773eca127ab8a332","departments","JoinScreen","StateView","apps/web/src/features/departments/join-screen.tsx","69","pending","","pending"
"27198b9b30cf6a34","departments","JoinScreen","Button","apps/web/src/features/departments/join-screen.tsx","90","pending","","pending"
"d7f24572cd3383b3","departments","JoinScreen","form","apps/web/src/features/departments/join-screen.tsx","130","pending","","pending"
"99b9d05490ed9c0b","departments","JoinScreen","Input","apps/web/src/features/departments/join-screen.tsx","143","pending","","pending"
"9421c9eab91edcda","departments","JoinScreen","Input","apps/web/src/features/departments/join-screen.tsx","163","pending","","pending"
"f94b27b5ae9551c6","departments","JoinScreen","Collapsible","apps/web/src/features/departments/join-screen.tsx","173","pending","","pending"
"1fec72e7e65cba59","departments","JoinScreen","p","apps/web/src/features/departments/join-screen.tsx","174","pending","","pending"
"937508c9ec24ee7d","departments","JoinScreen","a","apps/web/src/features/departments/join-screen.tsx","182","pending","","pending"
"47e3b56e1686ef22","departments","JoinScreen","a","apps/web/src/features/departments/join-screen.tsx","189","pending","","pending"
"e6d3fa11b7e86c86","departments","JoinScreen","Button","apps/web/src/features/departments/join-screen.tsx","197","pending","","pending"
"df478fe3e24f0607","events","CalendarMonth","Button","apps/web/src/features/events/components/calendar-month.tsx","95","pending","","pending"
"4aa19f2081165acc","events","CalendarMonth","Button","apps/web/src/features/events/components/calendar-month.tsx","105","pending","","pending"
"56dfa10fd9c25142","events","CalendarMonth","Button","apps/web/src/features/events/components/calendar-month.tsx","115","pending","","pending"
"0a191624d4afb049","events","CalendarMonth","button","apps/web/src/features/events/components/calendar-month.tsx","144","pending","","pending"
"8cc59f1c42442f2b","events","CancelDialog","Dialog","apps/web/src/features/events/components/cancel-dialog.tsx","48","pending","","pending"
"45c3afbee77ce542","events","CancelDialog","DialogContent","apps/web/src/features/events/components/cancel-dialog.tsx","49","partial-bounded-evidence","event_regressions-events-nested:functional","pending"
"0e3822f0dbe14c83","events","CancelDialog","Textarea","apps/web/src/features/events/components/cancel-dialog.tsx","55","partial-bounded-evidence","event_regressions-events-nested:functional","pending"
"12c71e4ccc13db35","events","CancelDialog","Button","apps/web/src/features/events/components/cancel-dialog.tsx","66","partial-bounded-evidence","event_regressions-events-nested:functional","pending"
"c0580bfd85fe7d7c","events","CancelDialog","Button","apps/web/src/features/events/components/cancel-dialog.tsx","68","partial-bounded-evidence","event_regressions-events-nested:functional","pending"
"b586d54aa50c823e","events","renderActionArea","Button","apps/web/src/features/events/components/carpool-panel.tsx","160","partial-bounded-evidence","event_regressions-events-nested:functional","pending"
"a8045bb5897d7258","events","renderActionArea","Button","apps/web/src/features/events/components/carpool-panel.tsx","173","partial-bounded-evidence","event_regressions-events-nested:functional","pending"
"9ec2512dfc191c3d","events","CarpoolPanel","Button","apps/web/src/features/events/components/carpool-panel.tsx","234","pending","","pending"
"5aa5e5b2e59d8bb6","events","CarpoolPanel","form","apps/web/src/features/events/components/carpool-panel.tsx","247","partial-bounded-evidence","event_regressions-events-nested:functional","pending"
"2c05d2f8160dbdb1","events","CarpoolPanel","Input","apps/web/src/features/events/components/carpool-panel.tsx","253","pending","","pending"
"6698e1c31cd417cf","events","CarpoolPanel","Input","apps/web/src/features/events/components/carpool-panel.tsx","265","pending","","pending"
"d41ecc2d0eb27e82","events","CarpoolPanel","Input","apps/web/src/features/events/components/carpool-panel.tsx","277","pending","","pending"
"80335ac66890050d","events","CarpoolPanel","Textarea","apps/web/src/features/events/components/carpool-panel.tsx","287","pending","","pending"
"adbe43be89328273","events","CarpoolPanel","Button","apps/web/src/features/events/components/carpool-panel.tsx","298","partial-bounded-evidence","event_regressions-events-nested:functional","pending"
"d3a2d4375dbd91b6","events","renderCarpoolsBody","StateView","apps/web/src/features/events/components/carpool-panel.tsx","313","partial-bounded-evidence","event_regressions-events-nested:functional","pending"
"cd19971a5302d709","events","ThreadSummary","SparkleButton","apps/web/src/features/events/components/comments-panel.tsx","106","pending","","pending"
"d2ef77c6a08b01e4","events","CommentsPanel","StateView","apps/web/src/features/events/components/comments-panel.tsx","181","partial-bounded-evidence","event_regressions-events-nested:functional","pending"
"4c9a2b7086c7267e","events","CommentsPanel","IconButton","apps/web/src/features/events/components/comments-panel.tsx","207","partial-bounded-evidence","event_regressions-events-nested:functional","pending"
"6d22745ee6ecbcca","events","CommentsPanel","form","apps/web/src/features/events/components/comments-panel.tsx","244","partial-bounded-evidence","event_regressions-events-nested:functional","pending"
"df69e33eb7c4090a","events","CommentsPanel","Textarea","apps/web/src/features/events/components/comments-panel.tsx","245","partial-bounded-evidence","event_regressions-events-nested:functional","pending"
"7109390d3e9722fb","events","CommentsPanel","Button","apps/web/src/features/events/components/comments-panel.tsx","256","partial-bounded-evidence","event_regressions-events-nested:functional","pending"
"cc236df336f90bee","events","renderAvailability","Progress","apps/web/src/features/events/components/event-card.tsx","75","pending","","pending"
"65d63ab967353bb9","events","EventCard","button","apps/web/src/features/events/components/event-card.tsx","98","pending","","pending"
"ce5fd455d2d79c72","events","AttendeesPeek","button","apps/web/src/features/events/components/event-detail-dialog.tsx","113","pending","","pending"
"6b376d4794b93601","events","AttendeesPeek","Sheet","apps/web/src/features/events/components/event-detail-dialog.tsx","132","pending","","pending"
"4f4c58676ca90980","events","AttendeesPeek","SheetContent","apps/web/src/features/events/components/event-detail-dialog.tsx","134","pending","","pending"
"4702587f8ad1a25a","events","CapacityMeter","Progress","apps/web/src/features/events/components/event-detail-dialog.tsx","186","pending","","pending"
"aa4733f5d034d95f","events","EventHeader","Button","apps/web/src/features/events/components/event-detail-dialog.tsx","265","pending","","pending"
"7ac912ff0e85e4db","events","EventHeader","Button","apps/web/src/features/events/components/event-detail-dialog.tsx","273","partial-bounded-evidence","event_regressions-events-nested:functional","pending"
"cfe3462fe313f1b7","events","EventHeader","DropdownMenu","apps/web/src/features/events/components/event-detail-dialog.tsx","281","pending","","pending"
"734bec07ba618e5c","events","EventHeader","DropdownMenuTrigger","apps/web/src/features/events/components/event-detail-dialog.tsx","282","pending","","pending"
"e5e4737ef878c05c","events","EventHeader","IconButton","apps/web/src/features/events/components/event-detail-dialog.tsx","283","partial-bounded-evidence","event_regressions-events-nested:functional","pending"
"c87d781a9e81355d","events","EventHeader","DropdownMenuContent","apps/web/src/features/events/components/event-detail-dialog.tsx","287","pending","","pending"
"1f6a8c7eb3bf0ecb","events","EventHeader","DropdownMenuItem","apps/web/src/features/events/components/event-detail-dialog.tsx","288","partial-bounded-evidence","event_regressions-events-nested:functional","pending"
"031ea8e4291aa732","events","EventHeader","a","apps/web/src/features/events/components/event-detail-dialog.tsx","312","pending","","pending"
"b1eec17de34b642f","events","renderDialogBody","StateView","apps/web/src/features/events/components/event-detail-dialog.tsx","409","pending","","pending"
"1433c71e30d48b54","events","renderDialogBody","StateView","apps/web/src/features/events/components/event-detail-dialog.tsx","413","pending","","pending"
"40cf98599443dd85","events","renderDialogBody","StateView","apps/web/src/features/events/components/event-detail-dialog.tsx","421","pending","","pending"
"1ab0a63c6263356e","events","renderDialogBody","Tabs","apps/web/src/features/events/components/event-detail-dialog.tsx","440","partial-bounded-evidence","event_regressions-events-nested:visual","pending"
"f56e7f2c569cbaff","events","renderDialogBody","TabsList","apps/web/src/features/events/components/event-detail-dialog.tsx","441","partial-bounded-evidence","event_regressions-events-nested:visual","pending"
"201b5ffca61d6188","events","renderDialogBody","TabsTrigger","apps/web/src/features/events/components/event-detail-dialog.tsx","443","partial-bounded-evidence","event_regressions-events-nested:visual","pending"
"0f8ea6724617b8b2","events","renderDialogBody","TabsContent","apps/web/src/features/events/components/event-detail-dialog.tsx","448","partial-bounded-evidence","event_regressions-events-nested:visual","pending"
"13d8aaa340dc3e8c","events","renderDialogBody","TabsContent","apps/web/src/features/events/components/event-detail-dialog.tsx","451","partial-bounded-evidence","event_regressions-events-nested:visual","pending"
"daae8ec119eaf2ee","events","renderDialogBody","TabsContent","apps/web/src/features/events/components/event-detail-dialog.tsx","454","partial-bounded-evidence","event_regressions-events-nested:visual","pending"
"fe112b19d3f2f2ca","events","renderDialogBody","TabsContent","apps/web/src/features/events/components/event-detail-dialog.tsx","457","partial-bounded-evidence","event_regressions-events-nested:visual","pending"
"5b3a54a665d70331","events","renderDialogBody","TabsContent","apps/web/src/features/events/components/event-detail-dialog.tsx","460","partial-bounded-evidence","event_regressions-events-nested:visual","pending"
"5bc9019951625d40","events","renderDialogBody","TabsContent","apps/web/src/features/events/components/event-detail-dialog.tsx","463","partial-bounded-evidence","event_regressions-events-nested:visual","pending"
"8875cb14b2c5dc44","events","renderDialogBody","TabsContent","apps/web/src/features/events/components/event-detail-dialog.tsx","466","partial-bounded-evidence","event_regressions-events-nested:visual","pending"
"9c41b00aa209431f","events","EventDetailDialog","Dialog","apps/web/src/features/events/components/event-detail-dialog.tsx","476","partial-bounded-evidence","event_regressions-events-nested:functional","pending"
"c5c575f25b7b29e0","events","EventDetailDialog","DialogContent","apps/web/src/features/events/components/event-detail-dialog.tsx","477","partial-bounded-evidence","event_regressions-events-nested:visual","pending"
"0fe246c123c981ad","events","EventDetailDialog","EventFormDialog","apps/web/src/features/events/components/event-detail-dialog.tsx","493","pending","","pending"
"208a52919815d2fc","events","StepIndicator","button","apps/web/src/features/events/components/event-form-dialog.tsx","94","pending","","pending"
"c77d84a845608bb7","events","AiDraftAssistant","Input","apps/web/src/features/events/components/event-form-dialog.tsx","251","pending","","pending"
"ffad775eaaf27396","events","AiDraftAssistant","SparkleButton","apps/web/src/features/events/components/event-form-dialog.tsx","259","pending","","pending"
"ddfe725327207eb3","events","AiDraftAssistant","Button","apps/web/src/features/events/components/event-form-dialog.tsx","297","pending","","pending"
"e00c5b7ae25e1d87","events","EventFormDialog","Dialog","apps/web/src/features/events/components/event-form-dialog.tsx","420","pending","","pending"
"afb738d1490ef019","events","EventFormDialog","DialogContent","apps/web/src/features/events/components/event-form-dialog.tsx","426","pending","","pending"
"68c4f5eeeedc89d8","events","EventFormDialog","form","apps/web/src/features/events/components/event-form-dialog.tsx","442","pending","","pending"
"db87d8861d46b926","events","EventFormDialog","Input","apps/web/src/features/events/components/event-form-dialog.tsx","468","partial-bounded-evidence","event_regressions:eventWizard","pending"
"c02e1eef9dae77e9","events","EventFormDialog","Textarea","apps/web/src/features/events/components/event-form-dialog.tsx","479","pending","","pending"
"3293f8b7221322c3","events","EventFormDialog","Select","apps/web/src/features/events/components/event-form-dialog.tsx","490","pending","","pending"
"6c6e1766ea366cb3","events","EventFormDialog","Input","apps/web/src/features/events/components/event-form-dialog.tsx","507","partial-bounded-evidence","event_regressions:eventWizard","pending"
"607192d167e52de6","events","EventFormDialog","Input","apps/web/src/features/events/components/event-form-dialog.tsx","516","partial-bounded-evidence","event_regressions:eventWizard","pending"
"7b8f94b7ad1676b6","events","EventFormDialog","Input","apps/web/src/features/events/components/event-form-dialog.tsx","528","pending","","pending"
"f22b1fc56e0ed8c8","events","EventFormDialog","Input","apps/web/src/features/events/components/event-form-dialog.tsx","536","pending","","pending"
"7dc25d2c8e9fed14","events","EventFormDialog","Input","apps/web/src/features/events/components/event-form-dialog.tsx","551","partial-bounded-evidence","event_regressions:eventWizard","pending"
"456dae3e0c3adef3","events","EventFormDialog","Input","apps/web/src/features/events/components/event-form-dialog.tsx","561","pending","","pending"
"f6b6f7a3f044c1ec","events","EventFormDialog","Checkbox","apps/web/src/features/events/components/event-form-dialog.tsx","571","pending","","pending"
"913ea8d02b8d0a17","events","EventFormDialog","Input","apps/web/src/features/events/components/event-form-dialog.tsx","582","pending","","pending"
"72a6b82bfebfac13","events","EventFormDialog","Checkbox","apps/web/src/features/events/components/event-form-dialog.tsx","595","pending","","pending"
"0f2b6aa13ff19f8a","events","EventFormDialog","Checkbox","apps/web/src/features/events/components/event-form-dialog.tsx","605","pending","","pending"
"5dba309a825f831f","events","EventFormDialog","p","apps/web/src/features/events/components/event-form-dialog.tsx","619","pending","","pending"
"90db277fbdac9085","events","EventFormDialog","Button","apps/web/src/features/events/components/event-form-dialog.tsx","626","pending","","pending"
"5acdff7265397123","events","EventFormDialog","Button","apps/web/src/features/events/components/event-form-dialog.tsx","636","pending","","pending"
"7cb53241113220d2","events","EventFormDialog","Button","apps/web/src/features/events/components/event-form-dialog.tsx","642","partial-bounded-evidence","event_regressions:eventWizard","pending"
"b60f0e92aaa500f0","events","EventFormDialog","Button","apps/web/src/features/events/components/event-form-dialog.tsx","646","partial-bounded-evidence","event_regressions:eventWizard","pending"
"0c8b49c9db35fa73","events","useEventUndo","p","apps/web/src/features/events/components/event-undo.tsx","93","pending","","pending"
"8db8d5defc597f3a","events","useEventUndo","Button","apps/web/src/features/events/components/event-undo.tsx","96","partial-bounded-evidence","event_regressions-events-nested:functional","pending"
"13474d29f10ed55b","events","StarRating","div","apps/web/src/features/events/components/feedback-panel.tsx","20","partial-bounded-evidence","event_regressions-events-nested:functional","pending"
"c31a23950e4a303f","events","StarRating","button","apps/web/src/features/events/components/feedback-panel.tsx","22","partial-bounded-evidence","event_regressions-events-nested:functional","pending"
"f06a68f52f74c70f","events","FeedbackPanel","StateView","apps/web/src/features/events/components/feedback-panel.tsx","102","partial-bounded-evidence","event_regressions-events-nested:functional","pending"
"f8c9ff32b6bd5dd0","events","FeedbackPanel","form","apps/web/src/features/events/components/feedback-panel.tsx","115","pending","","pending"
"4d7858d00d4e034e","events","FeedbackPanel","StarRating","apps/web/src/features/events/components/feedback-panel.tsx","120","pending","","pending"
"37848553c86b8fd3","events","FeedbackPanel","Textarea","apps/web/src/features/events/components/feedback-panel.tsx","131","partial-bounded-evidence","event_regressions-events-nested:functional","pending"
"4352a675b37a6841","events","FeedbackPanel","Checkbox","apps/web/src/features/events/components/feedback-panel.tsx","144","partial-bounded-evidence","event_regressions-events-nested:functional","pending"
"2c2db964d36fe480","events","FeedbackPanel","Button","apps/web/src/features/events/components/feedback-panel.tsx","158","partial-bounded-evidence","event_regressions-events-nested:functional","pending"
"9b3a18e0d22018b6","events","renderClaimButton","Button","apps/web/src/features/events/components/items-panel.tsx","57","partial-bounded-evidence","event_regressions-events-nested:functional","pending"
"31c966bc07b894ef","events","renderClaimButton","Button","apps/web/src/features/events/components/items-panel.tsx","64","partial-bounded-evidence","event_regressions-events-nested:functional","pending"
"fa4a2844403fbee5","events","renderItemsBody","StateView","apps/web/src/features/events/components/items-panel.tsx","76","partial-bounded-evidence","event_regressions-events-nested:functional","pending"
"1b0826fd92620c58","events","ItemsPanel","form","apps/web/src/features/events/components/items-panel.tsx","116","partial-bounded-evidence","event_regressions-events-nested:functional","pending"
"af5c2b4d63efe17f","events","ItemsPanel","Input","apps/web/src/features/events/components/items-panel.tsx","122","partial-bounded-evidence","event_regressions-events-nested:functional","pending"
"bd36add66a962734","events","ItemsPanel","Input","apps/web/src/features/events/components/items-panel.tsx","134","partial-bounded-evidence","event_regressions-events-nested:functional","pending"
"d259f9d87c5e6351","events","ItemsPanel","Button","apps/web/src/features/events/components/items-panel.tsx","146","pending","","pending"
"bf70016886386123","events","renderGalleryBody","StateView","apps/web/src/features/events/components/photos-panel.tsx","51","partial-bounded-evidence","event_regressions-events-nested:functional","pending"
"bcaf4dfadfdf6fda","events","renderGalleryBody","IconButton","apps/web/src/features/events/components/photos-panel.tsx","81","partial-bounded-evidence","event_regressions-events-nested:functional","pending"
"fe56976045ab7e01","events","PhotosPanel","form","apps/web/src/features/events/components/photos-panel.tsx","97","partial-bounded-evidence","event_regressions-events-nested:functional","pending"
"cf5d6d9511380921","events","PhotosPanel","Input","apps/web/src/features/events/components/photos-panel.tsx","102","partial-bounded-evidence","event_regressions-events-nested:functional","pending"
"90be960ad241c25a","events","PhotosPanel","Textarea","apps/web/src/features/events/components/photos-panel.tsx","114","partial-bounded-evidence","event_regressions-events-nested:functional","pending"
"fd207e7862ffce27","events","PhotosPanel","Button","apps/web/src/features/events/components/photos-panel.tsx","125","pending","","pending"
"ee0ab8eeac99bb16","events","PollCard","Checkbox","apps/web/src/features/events/components/polls-panel.tsx","136","pending","","pending"
"193edabe2c480346","events","PollCard","input","apps/web/src/features/events/components/polls-panel.tsx","141","partial-bounded-evidence","event_regressions-events-nested:functional","pending"
"e932115ad570a1f0","events","PollCard","Button","apps/web/src/features/events/components/polls-panel.tsx","154","partial-bounded-evidence","event_regressions-events-nested:functional","pending"
"f80eb6739ebb06cd","events","PollCard","Button","apps/web/src/features/events/components/polls-panel.tsx","176","partial-bounded-evidence","event_regressions-events-nested:functional","pending"
"8f99497e4e341d4b","events","CreatePollForm","form","apps/web/src/features/events/components/polls-panel.tsx","262","partial-bounded-evidence","event_regressions-events-nested:functional","pending"
"2dba0e1768c59dd4","events","CreatePollForm","Select","apps/web/src/features/events/components/polls-panel.tsx","267","partial-bounded-evidence","event_regressions-events-nested:functional","pending"
"9b20c66fbe3baf9d","events","CreatePollForm","Input","apps/web/src/features/events/components/polls-panel.tsx","282","pending","","pending"
"b5d3e3652ba2514e","events","CreatePollForm","Input","apps/web/src/features/events/components/polls-panel.tsx","297","partial-bounded-evidence","event_regressions-events-nested:functional","pending"
"c15fc383f898af84","events","CreatePollForm","IconButton","apps/web/src/features/events/components/polls-panel.tsx","307","partial-bounded-evidence","event_regressions-events-nested:functional","pending"
"b5872834e9b314ae","events","CreatePollForm","Button","apps/web/src/features/events/components/polls-panel.tsx","320","partial-bounded-evidence","event_regressions-events-nested:functional","pending"
"9c5274701d8cab39","events","CreatePollForm","p","apps/web/src/features/events/components/polls-panel.tsx","335","pending","","pending"
"ec3c929509443562","events","CreatePollForm","Input","apps/web/src/features/events/components/polls-panel.tsx","342","pending","","pending"
"0e5c51152ed4af1b","events","CreatePollForm","Checkbox","apps/web/src/features/events/components/polls-panel.tsx","353","partial-bounded-evidence","event_regressions-events-nested:functional","pending"
"a05b51f0d63460a6","events","CreatePollForm","Button","apps/web/src/features/events/components/polls-panel.tsx","366","partial-bounded-evidence","event_regressions-events-nested:functional","pending"
"bbf4267d376d0287","events","PollsPanel","Button","apps/web/src/features/events/components/polls-panel.tsx","382","partial-bounded-evidence","event_regressions-events-nested:functional","pending"
"f1d670177b702f3a","events","renderPollsBody","StateView","apps/web/src/features/events/components/polls-panel.tsx","397","partial-bounded-evidence","event_regressions-events-nested:functional","pending"
"c5dcda379f88eeeb","events","RsvpPanel","StateView","apps/web/src/features/events/components/rsvp-panel.tsx","136","partial-bounded-evidence","event_regressions-events-nested:functional","pending"
"5f84bfd8d64b59dc","events","RsvpPanel","form","apps/web/src/features/events/components/rsvp-panel.tsx","160","partial-bounded-evidence","event_regressions-events-nested:functional","pending"
"6977712ac8502ee0","events","RsvpPanel","button","apps/web/src/features/events/components/rsvp-panel.tsx","167","partial-bounded-evidence","event_regressions-events-nested:functional","pending"
"4e35efd4055a1bcf","events","RsvpPanel","Button","apps/web/src/features/events/components/rsvp-panel.tsx","194","pending","","pending"
"dcaa7244233228c1","events","RsvpPanel","Button","apps/web/src/features/events/components/rsvp-panel.tsx","204","partial-bounded-evidence","event_regressions-events-nested:functional","pending"
"8182eef1743a78ac","events","RsvpPanel","Textarea","apps/web/src/features/events/components/rsvp-panel.tsx","217","partial-bounded-evidence","event_regressions-events-nested:functional","pending"
"3d3546b65a39f709","events","RsvpPanel","Button","apps/web/src/features/events/components/rsvp-panel.tsx","227","partial-bounded-evidence","event_regressions:eventRsvp;event_regressions-events-nested:functional","pending"
"1505815f052f38e4","events","EventsScreen","StateView","apps/web/src/features/events/events-screen.tsx","93","pending","","pending"
"d8f2479898ae32de","events","EventsScreen","StateView","apps/web/src/features/events/events-screen.tsx","103","pending","","pending"
"1c8faacdf6f6eabb","events","EventsScreen","StateView","apps/web/src/features/events/events-screen.tsx","111","pending","","pending"
"f84ffb75a43e3091","events","EventsScreen","StateView","apps/web/src/features/events/events-screen.tsx","120","pending","","pending"
"5a241ecee0b92a6d","events","renderEventsBody","StateView","apps/web/src/features/events/events-screen.tsx","135","pending","","pending"
"0ebb72b571e55e5a","events","EventsScreen","Button","apps/web/src/features/events/events-screen.tsx","203","pending","","pending"
"d68778150eb87a1c","events","EventsScreen","Button","apps/web/src/features/events/events-screen.tsx","212","pending","","pending"
"5ab4275a9cfcadbb","events","EventsScreen","DropdownMenu","apps/web/src/features/events/events-screen.tsx","227","pending","","pending"
"e35543e443f9d12a","events","EventsScreen","DropdownMenuTrigger","apps/web/src/features/events/events-screen.tsx","228","pending","","pending"
"ffee969bad3e5662","events","EventsScreen","IconButton","apps/web/src/features/events/events-screen.tsx","229","partial-bounded-evidence","event_regressions-events-nested:functional","pending"
"a6940d863403b90f","events","EventsScreen","DropdownMenuContent","apps/web/src/features/events/events-screen.tsx","233","pending","","pending"
"a326e667906633b4","events","EventsScreen","DropdownMenuItem","apps/web/src/features/events/events-screen.tsx","234","partial-bounded-evidence","event_regressions-events-nested:functional","pending"
"c15371df29405275","events","EventsScreen","Button","apps/web/src/features/events/events-screen.tsx","240","pending","","pending"
"75df189157e1ac0e","events","EventsScreen","EventFormDialog","apps/web/src/features/events/events-screen.tsx","250","pending","","pending"
"1ce2d9c584dc9738","events","Base","svg","apps/web/src/features/events/illustrations/index.tsx","23","pending","","pending"
"cea0ea435294c956","fields","CardCustomFields","StateView","apps/web/src/features/fields/components/card-custom-fields.tsx","148","pending","","pending"
"2b5bae60f7ae59ac","fields","CardCustomFields","FieldValueInput","apps/web/src/features/fields/components/card-custom-fields.tsx","192","partial-bounded-evidence","root-fields-current:inline","pending"
"bcaf5a9b81385a68","fields","CardCustomFields","button","apps/web/src/features/fields/components/card-custom-fields.tsx","201","partial-bounded-evidence","root-fields-current:inline","pending"
"6949d498051adf74","fields","CardCustomFields","button","apps/web/src/features/fields/components/card-custom-fields.tsx","209","partial-bounded-evidence","root-fields-current:inline","pending"
"ec9240ef5c136da6","fields","CardCustomFields","p","apps/web/src/features/fields/components/card-custom-fields.tsx","221","pending","","pending"
"68d986ec4d1e4e10","fields","CardCustomFields","button","apps/web/src/features/fields/components/card-custom-fields.tsx","231","partial-bounded-evidence","root-fields-current:inline","pending"
"f5399c9115f84dce","fields","FieldFormDialog","Dialog","apps/web/src/features/fields/components/field-form-dialog.tsx","206","pending","","pending"
"326891b6e4b9fec2","fields","FieldFormDialog","DialogContent","apps/web/src/features/fields/components/field-form-dialog.tsx","207","partial-bounded-evidence","root-fields-current:lateCreate","pending"
"f0f500184d0fcc87","fields","FieldFormDialog","form","apps/web/src/features/fields/components/field-form-dialog.tsx","211","pending","","pending"
"4fb4900fdcf9c3e0","fields","FieldFormDialog","Input","apps/web/src/features/fields/components/field-form-dialog.tsx","218","partial-bounded-evidence","event_regressions-calendar-fields:fieldsLifecycle;root-fields-current:values","pending"
"fa5a7da6a6b89e74","fields","FieldFormDialog","p","apps/web/src/features/fields/components/field-form-dialog.tsx","228","pending","","pending"
"8f0fbbf970382516","fields","FieldFormDialog","Input","apps/web/src/features/fields/components/field-form-dialog.tsx","239","pending","","pending"
"346d055758fc4749","fields","FieldFormDialog","p","apps/web/src/features/fields/components/field-form-dialog.tsx","251","pending","","pending"
"e67a3933a63b455c","fields","FieldFormDialog","Select","apps/web/src/features/fields/components/field-form-dialog.tsx","257","partial-bounded-evidence","event_regressions-calendar-fields:fieldsLifecycle;root-fields-current:values","pending"
"39fa1a15c0085dca","fields","FieldFormDialog","Input","apps/web/src/features/fields/components/field-form-dialog.tsx","276","partial-bounded-evidence","event_regressions-calendar-fields:fieldsLifecycle;root-fields-current:options","pending"
"19ba973945dc9c3a","fields","FieldFormDialog","Select","apps/web/src/features/fields/components/field-form-dialog.tsx","300","pending","","pending"
"fa0dc2bacef0f9cc","fields","FieldFormDialog","IconButton","apps/web/src/features/fields/components/field-form-dialog.tsx","316","pending","","pending"
"5b42b4e0c03876f6","fields","FieldFormDialog","Button","apps/web/src/features/fields/components/field-form-dialog.tsx","330","partial-bounded-evidence","event_regressions-calendar-fields:fieldsLifecycle;root-fields-current:options","pending"
"a3285669612b653d","fields","FieldFormDialog","p","apps/web/src/features/fields/components/field-form-dialog.tsx","335","pending","","pending"
"ad78db46a8207ef3","fields","FieldFormDialog","SwitchRow","apps/web/src/features/fields/components/field-form-dialog.tsx","347","pending","","pending"
"8a4e06231422c8ab","fields","FieldFormDialog","SwitchRow","apps/web/src/features/fields/components/field-form-dialog.tsx","354","pending","","pending"
"79cd116387cf3c81","fields","FieldFormDialog","SwitchRow","apps/web/src/features/fields/components/field-form-dialog.tsx","362","pending","","pending"
"9c31af704104b7bc","fields","FieldFormDialog","SwitchRow","apps/web/src/features/fields/components/field-form-dialog.tsx","372","pending","","pending"
"b0ed59322d3b6bfb","fields","FieldFormDialog","Select","apps/web/src/features/fields/components/field-form-dialog.tsx","384","pending","","pending"
"0c27a76017a679e5","fields","FieldFormDialog","Input","apps/web/src/features/fields/components/field-form-dialog.tsx","404","pending","","pending"
"2985421005c6f8ed","fields","FieldFormDialog","Textarea","apps/web/src/features/fields/components/field-form-dialog.tsx","423","pending","","pending"
"6e27a25539846f57","fields","FieldFormDialog","p","apps/web/src/features/fields/components/field-form-dialog.tsx","433","pending","","pending"
"4c3d960516f93dbf","fields","FieldFormDialog","Button","apps/web/src/features/fields/components/field-form-dialog.tsx","439","pending","","pending"
"7b314131a6d9651a","fields","FieldFormDialog","Button","apps/web/src/features/fields/components/field-form-dialog.tsx","442","partial-bounded-evidence","event_regressions-calendar-fields:fieldsLifecycle;root-fields-current:values","pending"
"13a29a983163d7b9","fields","SwitchRow","Switch","apps/web/src/features/fields/components/field-form-dialog.tsx","471","pending","","pending"
"f56b38391a8de1e4","fields","FieldValueInput","Checkbox","apps/web/src/features/fields/components/field-value-input.tsx","64","partial-bounded-evidence","root-fields-current:values","pending"
"32df855ce2832c77","fields","FieldValueInput","Input","apps/web/src/features/fields/components/field-value-input.tsx","77","partial-bounded-evidence","root-fields-current:values","pending"
"fce460b952668148","fields","FieldValueInput","DatePicker","apps/web/src/features/fields/components/field-value-input.tsx","89","partial-bounded-evidence","event_regressions-calendar-fields:date;root-fields-current:values","pending"
"8d300c1a135933e9","fields","FieldValueInput","Textarea","apps/web/src/features/fields/components/field-value-input.tsx","114","partial-bounded-evidence","root-fields-current:values","pending"
"2e40acc880787265","fields","FieldValueInput","Input","apps/web/src/features/fields/components/field-value-input.tsx","125","partial-bounded-evidence","root-fields-current:values","pending"
"b67c7b3eadd3ef42","fields","FieldValueInput","Select","apps/web/src/features/fields/components/field-value-input.tsx","137","partial-bounded-evidence","root-fields-current:options","pending"
"fdb1c99ccd1e018f","fields","FieldValueInput","div","apps/web/src/features/fields/components/field-value-input.tsx","151","pending","","pending"
"015360df48fe0042","fields","FieldValueInput","button","apps/web/src/features/fields/components/field-value-input.tsx","161","partial-bounded-evidence","root-fields-current:values","pending"
"3e4576aa4e69a313","fields","FieldValueInput","Input","apps/web/src/features/fields/components/field-value-input.tsx","198","partial-bounded-evidence","event_regressions-calendar-fields:fieldsMember;event_regressions-calendar-fields:draft;root-fields-current:values","pending"
"b144d1176db41234","fields","FieldValueDisplay","a","apps/web/src/features/fields/components/field-value-input.tsx","267","pending","","pending"
"4f3ffb18f7cf50fc","fields","MyFieldsSection","StateView","apps/web/src/features/fields/components/my-fields-section.tsx","181","pending","","pending"
"2ef7c2d58cd0346a","fields","MyFieldsSection","StateView","apps/web/src/features/fields/components/my-fields-section.tsx","194","pending","","pending"
"f3049a8d2a69f9f3","fields","MyFieldsSection","StateView","apps/web/src/features/fields/components/my-fields-section.tsx","208","pending","","pending"
"3ba31897730d42a6","fields","MyFieldsSection","Button","apps/web/src/features/fields/components/my-fields-section.tsx","240","partial-bounded-evidence","event_regressions-calendar-fields:fieldsMember;root-fields-current:values","pending"
"33f0e0ab8e3c3fa4","fields","MyFieldsSection","form","apps/web/src/features/fields/components/my-fields-section.tsx","255","pending","","pending"
"49d25b61e38cf85b","fields","MyFieldsSection","FieldValueInput","apps/web/src/features/fields/components/my-fields-section.tsx","281","pending","","pending"
"63405eeef6d4deb1","fields","MyFieldsSection","p","apps/web/src/features/fields/components/my-fields-section.tsx","291","pending","","pending"
"e952cb064e7f068b","fields","FieldsScreen","ForcedStateBlock","apps/web/src/features/fields/fields-screen.tsx","223","pending","","pending"
"6f8ba04e3f9140e7","fields","FieldsScreen","StateView","apps/web/src/features/fields/fields-screen.tsx","227","pending","","pending"
"c4f234901caa00c8","fields","FieldsScreen","StateView","apps/web/src/features/fields/fields-screen.tsx","238","pending","","pending"
"907d4e103c142ec0","fields","FieldsScreen","StateView","apps/web/src/features/fields/fields-screen.tsx","262","pending","","pending"
"1afdab5b79880c33","fields","FieldsScreen","Switch","apps/web/src/features/fields/fields-screen.tsx","274","partial-bounded-evidence","event_regressions-calendar-fields:fieldsLifecycle;root-fields-current:reorder","pending"
"2846690780dce8c4","fields","FieldsScreen","Button","apps/web/src/features/fields/fields-screen.tsx","281","partial-bounded-evidence","root-fields-current:values","pending"
"410f7753c1ad6eb5","fields","FieldsScreen","SegmentedControl","apps/web/src/features/fields/fields-screen.tsx","298","pending","","pending"
"9cdfa3c4f483c457","fields","FieldsScreen","StateView","apps/web/src/features/fields/fields-screen.tsx","323","pending","","pending"
"7fed1d23c0f6754f","fields","FieldsScreen","article","apps/web/src/features/fields/fields-screen.tsx","353","pending","","pending"
"f79d51917db56013","fields","FieldsScreen","IconButton","apps/web/src/features/fields/fields-screen.tsx","386","partial-bounded-evidence","root-fields-current:reorder","pending"
"48effe0c1a39df64","fields","FieldsScreen","IconButton","apps/web/src/features/fields/fields-screen.tsx","393","partial-bounded-evidence","event_regressions-calendar-fields:fieldsLifecycle;root-fields-current:reorder","pending"
"f3a56bf1239fba97","fields","FieldsScreen","IconButton","apps/web/src/features/fields/fields-screen.tsx","400","partial-bounded-evidence","event_regressions-calendar-fields:fieldsLifecycle","pending"
"32ac93d94bf406f8","fields","FieldsScreen","IconButton","apps/web/src/features/fields/fields-screen.tsx","406","partial-bounded-evidence","event_regressions-calendar-fields:fieldsLifecycle;root-fields-current:reorder","pending"
"ff3853f7e16376ae","fields","FieldsScreen","Button","apps/web/src/features/fields/fields-screen.tsx","414","partial-bounded-evidence","event_regressions-calendar-fields:fieldsLifecycle","pending"
"2ede974058d5ec06","fields","FieldsScreen","Progress","apps/web/src/features/fields/fields-screen.tsx","429","pending","","pending"
"31882a4b9035bb6a","fields","FieldsScreen","Button","apps/web/src/features/fields/fields-screen.tsx","447","pending","","pending"
"3a9265e04a9fbfd7","fields","FieldsScreen","FieldFormDialog","apps/web/src/features/fields/fields-screen.tsx","472","pending","","pending"
"8f5ff37f2525bbe8","home","TileShell","Card","apps/web/src/features/home/head-dashboard.tsx","126","pending","","pending"
"047050231090dce9","home","TileShell","button","apps/web/src/features/home/head-dashboard.tsx","144","pending","","pending"
"88c6dfb91bea4cbc","home","PersonRow","a","apps/web/src/features/home/head-dashboard.tsx","168","pending","","pending"
"c77a498e0ef1cd5e","home","CardRow","a","apps/web/src/features/home/head-dashboard.tsx","205","pending","","pending"
"f79e37b16abb2386","home","HeadDashboard","StateView","apps/web/src/features/home/head-dashboard.tsx","385","pending","","pending"
"66c45b975b92d03c","home","HeadDashboard","StateView","apps/web/src/features/home/head-dashboard.tsx","391","pending","","pending"
"e759f15f1c632956","home","HeadDashboard","Progress","apps/web/src/features/home/head-dashboard.tsx","688","pending","","pending"
"d3c3b19b27d07262","home","HeadDashboard","Progress","apps/web/src/features/home/head-dashboard.tsx","816","pending","","pending"
"3f37be748bb8adfe","home","HeadDashboard","p","apps/web/src/features/home/head-dashboard.tsx","867","pending","","pending"
"6f12200cfb4623e9","home","HeadDashboard","SparkleButton","apps/web/src/features/home/head-dashboard.tsx","890","pending","","pending"
"9823b33568664afc","home","HeadDashboard","StateView","apps/web/src/features/home/head-dashboard.tsx","944","pending","","pending"
"ceb57bb504b1247a","home","TileArranger","Popover","apps/web/src/features/home/head-dashboard.tsx","978","pending","","pending"
"37de3bbc4b303875","home","TileArranger","PopoverTrigger","apps/web/src/features/home/head-dashboard.tsx","979","pending","","pending"
"bd7609d435895a22","home","TileArranger","Button","apps/web/src/features/home/head-dashboard.tsx","980","pending","","pending"
"61c52d8e16590968","home","TileArranger","PopoverContent","apps/web/src/features/home/head-dashboard.tsx","985","pending","","pending"
"483cb3c0ce266052","home","TileArranger","Checkbox","apps/web/src/features/home/head-dashboard.tsx","996","pending","","pending"
"17126903c0838c3c","home","TileArranger","IconButton","apps/web/src/features/home/head-dashboard.tsx","1005","pending","","pending"
"2016cce8c0b6d76a","home","TileArranger","IconButton","apps/web/src/features/home/head-dashboard.tsx","1012","pending","","pending"
"26086a78d12832bf","home","TileArranger","Button","apps/web/src/features/home/head-dashboard.tsx","1023","pending","","pending"
"0f6bddd9b49b27c3","home","DashboardTile","Card","apps/web/src/features/home/home-screen.tsx","116","pending","","pending"
"faf6596a1094ead6","home","OnboardingCard","Card","apps/web/src/features/home/home-screen.tsx","203","pending","","pending"
"b36854bfe46bd6d4","home","OnboardingCard","Progress","apps/web/src/features/home/home-screen.tsx","224","pending","","pending"
"5eb0d4fd15b36dcb","home","OnboardingCard","button","apps/web/src/features/home/home-screen.tsx","233","pending","","pending"
"9ff54279eaf37bf2","home","PinnedCharts","Card","apps/web/src/features/home/home-screen.tsx","282","pending","","pending"
"6eb4e11c3d01c3f8","home","PinnedCharts","button","apps/web/src/features/home/home-screen.tsx","288","pending","","pending"
"ae5b2bee0bb9afd9","home","MyLoad","Card","apps/web/src/features/home/home-screen.tsx","373","pending","","pending"
"2cfa0979c601907e","home","MyLoad","Progress","apps/web/src/features/home/home-screen.tsx","390","pending","","pending"
"b6378fa6f4e22042","home","Dashboard","StateView","apps/web/src/features/home/home-screen.tsx","419","pending","","pending"
"9d92a8560bfeb473","home","Dashboard","StateView","apps/web/src/features/home/home-screen.tsx","422","pending","","pending"
"bbee10e993a9f3d7","home","HomeScreen","ForcedStateBlock","apps/web/src/features/home/home-screen.tsx","590","pending","","pending"
"e054abbe3dae4870","home","HomeScreen","StateView","apps/web/src/features/home/home-screen.tsx","594","pending","","pending"
"d77529cb646a872b","home","HomeScreen","StateView","apps/web/src/features/home/home-screen.tsx","599","pending","","pending"
"e767e898347f6305","home","HomeScreen","StateView","apps/web/src/features/home/home-screen.tsx","651","partial-bounded-evidence","root-shared-recovery:onboarding","pending"
"2dd241f71b9c4bb4","home","HomeScreen","Button","apps/web/src/features/home/home-screen.tsx","674","pending","","pending"
"0c79c85e86877b60","home","HomeScreen","Button","apps/web/src/features/home/home-screen.tsx","677","pending","","pending"
"54315e7eb3d6f3d8","home","HomeScreen","Button","apps/web/src/features/home/home-screen.tsx","680","pending","","pending"
"77948c6a7623b395","inbox","InboxTabs","TabsList","apps/web/src/features/inbox/inbox-screen.tsx","78","pending","","pending"
"e1f0c4611e18e583","inbox","InboxTabs","TabsTrigger","apps/web/src/features/inbox/inbox-screen.tsx","80","pending","","pending"
"9d465344d7614644","inbox","GroupedInboxList","Chip","apps/web/src/features/inbox/inbox-screen.tsx","284","pending","","pending"
"4f848bd622fb8b63","inbox","InboxBody","StateView","apps/web/src/features/inbox/inbox-screen.tsx","400","pending","","pending"
"260fbb553b49b0f3","inbox","InboxBody","StateView","apps/web/src/features/inbox/inbox-screen.tsx","404","pending","","pending"
"2215eff1fbcf4346","inbox","InboxBody","StateView","apps/web/src/features/inbox/inbox-screen.tsx","414","pending","","pending"
"f06c6ba7ced9d37b","inbox","InboxScreen","ForcedStateBlock","apps/web/src/features/inbox/inbox-screen.tsx","656","pending","","pending"
"20bdba4e1ee7f6a5","inbox","InboxScreen","StateView","apps/web/src/features/inbox/inbox-screen.tsx","659","pending","","pending"
"b101a577c8c90b30","inbox","InboxScreen","StateView","apps/web/src/features/inbox/inbox-screen.tsx","665","pending","","pending"
"26fb3a3e229d0a42","inbox","InboxScreen","Tabs","apps/web/src/features/inbox/inbox-screen.tsx","675","pending","","pending"
"a94fa9ccded1fe5a","inbox","InboxScreen","Button","apps/web/src/features/inbox/inbox-screen.tsx","690","partial-bounded-evidence","root-calendar-shell:inbox","pending"
"37650e3eaf82b9d8","inbox","InboxScreen","DropdownMenu","apps/web/src/features/inbox/inbox-screen.tsx","702","pending","","pending"
"feb0241212d918af","inbox","InboxScreen","DropdownMenuTrigger","apps/web/src/features/inbox/inbox-screen.tsx","703","pending","","pending"
"ef5a8849f428f8b7","inbox","InboxScreen","Button","apps/web/src/features/inbox/inbox-screen.tsx","704","pending","","pending"
"255176a0aa6f1447","inbox","InboxScreen","DropdownMenuContent","apps/web/src/features/inbox/inbox-screen.tsx","709","pending","","pending"
"1d8ad502066b76b9","inbox","InboxScreen","DropdownMenuItem","apps/web/src/features/inbox/inbox-screen.tsx","710","pending","","pending"
"4f728cb7e1afe114","inbox","InboxScreen","DropdownMenuItem","apps/web/src/features/inbox/inbox-screen.tsx","717","pending","","pending"
"01be21365db97c0a","inbox","InboxScreen","Button","apps/web/src/features/inbox/inbox-screen.tsx","723","pending","","pending"
"bc3f159e5fb15b90","inbox","InboxScreen","TabsContent","apps/web/src/features/inbox/inbox-screen.tsx","739","partial-bounded-evidence","root-calendar-shell:inbox","pending"
"37b98bcba64223bf","inbox","LegacySettingsScreen","StateView","apps/web/src/features/inbox/legacy-settings-screen.tsx","12","pending","","pending"
"09de0b40078ee5ff","inbox","NotificationRow","button","apps/web/src/features/inbox/notification-row.tsx","98","pending","","pending"
"27c187c6aa594005","inbox","NotificationRow","Chip","apps/web/src/features/inbox/notification-row.tsx","149","pending","","pending"
"dd1d27667cd9ce90","inbox","NotificationRow","button","apps/web/src/features/inbox/notification-row.tsx","161","pending","","pending"
"63dd7769f6a506b4","inbox","NotificationRow","DropdownMenu","apps/web/src/features/inbox/notification-row.tsx","169","pending","","pending"
"f84aed118c7e263b","inbox","NotificationRow","DropdownMenuTrigger","apps/web/src/features/inbox/notification-row.tsx","170","pending","","pending"
"546620944e952554","inbox","NotificationRow","IconButton","apps/web/src/features/inbox/notification-row.tsx","171","pending","","pending"
"5c2bc2d0e36c673d","inbox","NotificationRow","DropdownMenuContent","apps/web/src/features/inbox/notification-row.tsx","175","pending","","pending"
"cb3034476a896f07","inbox","NotificationRow","DropdownMenuItem","apps/web/src/features/inbox/notification-row.tsx","177","pending","","pending"
"4753d19e6feb248c","inbox","NotificationRow","IconButton","apps/web/src/features/inbox/notification-row.tsx","183","pending","","pending"
"c8b646ab8609489e","inbox","NotificationDetail","Chip","apps/web/src/features/inbox/notification-sheet.tsx","35","pending","","pending"
"98b6601528f7ff4e","inbox","NotificationDetail","IconButton","apps/web/src/features/inbox/notification-sheet.tsx","46","pending","","pending"
"b06ed4866d64e46e","inbox","NotificationDetail","Button","apps/web/src/features/inbox/notification-sheet.tsx","58","pending","","pending"
"3f38c5b6bffe3404","inbox","NotificationDetail","Button","apps/web/src/features/inbox/notification-sheet.tsx","69","pending","","pending"
"53ef6e5592162b02","inbox","NotificationSheet","Sheet","apps/web/src/features/inbox/notification-sheet.tsx","96","pending","","pending"
"c7f58cf21382a75f","inbox","NotificationSheet","SheetContent","apps/web/src/features/inbox/notification-sheet.tsx","98","pending","","pending"
"d756ca028b136192","inbox","PrefsMatrix","div","apps/web/src/features/inbox/preferences-screen.tsx","68","pending","","pending"
"abecabae12b95b55","inbox","PrefsMatrix","Chip","apps/web/src/features/inbox/preferences-screen.tsx","93","pending","","pending"
"06cae43c50189d77","inbox","PrefsMatrix","Switch","apps/web/src/features/inbox/preferences-screen.tsx","103","pending","","pending"
"e6ecb531569346e9","inbox","PrefsMatrix","select","apps/web/src/features/inbox/preferences-screen.tsx","131","pending","","pending"
"0bea660fad272513","inbox","QuietHoursCard","StateView","apps/web/src/features/inbox/preferences-screen.tsx","180","pending","","pending"
"020bad0e3c289175","inbox","QuietHoursCard","StateView","apps/web/src/features/inbox/preferences-screen.tsx","184","pending","","pending"
"828d68812ff10773","inbox","QuietHoursCard","Button","apps/web/src/features/inbox/preferences-screen.tsx","238","pending","","pending"
"cd87893a58765179","inbox","QuietHoursCard","Button","apps/web/src/features/inbox/preferences-screen.tsx","247","pending","","pending"
"b4f1fd40e1c7aa28","inbox","QuietHoursCard","Input","apps/web/src/features/inbox/preferences-screen.tsx","260","pending","","pending"
"795ebf3bb219afb5","inbox","QuietHoursCard","Input","apps/web/src/features/inbox/preferences-screen.tsx","278","pending","","pending"
"493d17c0d0746447","inbox","QuietHoursCard","Switch","apps/web/src/features/inbox/preferences-screen.tsx","290","pending","","pending"
"a5bfca8132819f23","inbox","QuietHoursCard","p","apps/web/src/features/inbox/preferences-screen.tsx","304","pending","","pending"
"e5b7b396f9589502","inbox","CalendarFeedCard","Button","apps/web/src/features/inbox/preferences-screen.tsx","349","pending","","pending"
"d1ca3285ff05fd6c","inbox","CalendarFeedCard","Button","apps/web/src/features/inbox/preferences-screen.tsx","354","pending","","pending"
"8affd9623056f413","inbox","PrefsMatrixBody","StateView","apps/web/src/features/inbox/preferences-screen.tsx","364","pending","","pending"
"24ed570ecc4db901","inbox","PrefsMatrixBody","StateView","apps/web/src/features/inbox/preferences-screen.tsx","368","pending","","pending"
"153b319cc253d3d6","inbox","PreferencesScreen","ForcedStateBlock","apps/web/src/features/inbox/preferences-screen.tsx","395","pending","","pending"
"61a8dd1dc8fbb30f","inbox","PreferencesScreen","StateView","apps/web/src/features/inbox/preferences-screen.tsx","398","pending","","pending"
"232f3b1d937c913d","inbox","PreferencesScreen","StateView","apps/web/src/features/inbox/preferences-screen.tsx","404","pending","","pending"
"2d9f9d9ab54ac7e9","inbox","PersonalLinkCard","StateView","apps/web/src/features/inbox/telegram-screen.tsx","101","pending","","pending"
"23364bab04601fcc","inbox","PersonalLinkCard","StateView","apps/web/src/features/inbox/telegram-screen.tsx","105","pending","","pending"
"ad1cd8655214ffe7","inbox","PersonalLinkCard","StateView","apps/web/src/features/inbox/telegram-screen.tsx","121","pending","","pending"
"fe95ecceaf9dd395","inbox","PersonalLinkCard","p","apps/web/src/features/inbox/telegram-screen.tsx","155","pending","","pending"
"211bfc67dd7ba836","inbox","PersonalLinkCard","Button","apps/web/src/features/inbox/telegram-screen.tsx","165","pending","","pending"
"0d4401c2783a583e","inbox","PersonalLinkCard","Button","apps/web/src/features/inbox/telegram-screen.tsx","196","pending","","pending"
"20aa00f04134d8a3","inbox","PersonalLinkCard","a","apps/web/src/features/inbox/telegram-screen.tsx","197","pending","","pending"
"2eec19a1bbb4e379","inbox","PersonalLinkCard","Button","apps/web/src/features/inbox/telegram-screen.tsx","202","pending","","pending"
"aeeef0337b9bb6d2","inbox","PersonalLinkCard","Button","apps/web/src/features/inbox/telegram-screen.tsx","236","pending","","pending"
"5081b63a0b07d86e","inbox","PersonalLinkCard","a","apps/web/src/features/inbox/telegram-screen.tsx","237","pending","","pending"
"33682cd0f8128dd2","inbox","PersonalLinkCard","Button","apps/web/src/features/inbox/telegram-screen.tsx","252","pending","","pending"
"56f9f1e59a905bfe","inbox","PersonalLinkCard","p","apps/web/src/features/inbox/telegram-screen.tsx","257","pending","","pending"
"e5a72f52f5c14228","inbox","GroupRow","IconButton","apps/web/src/features/inbox/telegram-screen.tsx","289","pending","","pending"
"6065275bb00ad2df","inbox","GroupRow","input","apps/web/src/features/inbox/telegram-screen.tsx","302","pending","","pending"
"92948de22ba6afeb","inbox","GroupsList","StateView","apps/web/src/features/inbox/telegram-screen.tsx","327","pending","","pending"
"9d5448e080587a85","inbox","GroupsList","StateView","apps/web/src/features/inbox/telegram-screen.tsx","331","pending","","pending"
"747046df999f85bd","inbox","GroupsList","StateView","apps/web/src/features/inbox/telegram-screen.tsx","345","pending","","pending"
"e60c66a84affd8c7","inbox","GroupsCard","IconButton","apps/web/src/features/inbox/telegram-screen.tsx","404","pending","","pending"
"c3f37462119a74df","inbox","GroupsCard","Button","apps/web/src/features/inbox/telegram-screen.tsx","426","pending","","pending"
"a46e3d191206c65d","inbox","GroupsCard","p","apps/web/src/features/inbox/telegram-screen.tsx","435","pending","","pending"
"5e97b7252a1f72bc","inbox","SetupGuide","Button","apps/web/src/features/inbox/telegram-screen.tsx","473","pending","","pending"
"aec1ac04d7f2543a","inbox","TelegramScreen","ForcedStateBlock","apps/web/src/features/inbox/telegram-screen.tsx","500","pending","","pending"
"f595ba7b057a8bca","inbox","TelegramScreen","StateView","apps/web/src/features/inbox/telegram-screen.tsx","503","pending","","pending"
"1a702eaddd8d242f","inbox","TelegramScreen","StateView","apps/web/src/features/inbox/telegram-screen.tsx","509","pending","","pending"
"06b345971410cf00","pages","FaqScreen","Input","apps/web/src/features/pages/faq-screen.tsx","43","partial-bounded-evidence","knowledge_nested:faq","pending"
"dd90246a8413ea80","pages","FaqScreen","p","apps/web/src/features/pages/faq-screen.tsx","51","partial-bounded-evidence","knowledge_nested:faq","pending"
"555b8d1c36af8f07","pages","FaqScreen","details","apps/web/src/features/pages/faq-screen.tsx","62","pending","","pending"
"1837b49b5d363799","pages","FaqScreen","summary","apps/web/src/features/pages/faq-screen.tsx","67","partial-bounded-evidence","knowledge_nested:faq","pending"
"4826ca3098763f9c","pages","TemplateCard","Switch","apps/web/src/features/pages/onboarding-templates.tsx","150","partial-bounded-evidence","knowledge_nested:templates","pending"
"d527b6ceb4eaf258","pages","TemplateCard","IconButton","apps/web/src/features/pages/onboarding-templates.tsx","160","partial-bounded-evidence","knowledge_nested:templates","pending"
"171a5f7775ae377e","pages","TemplateCard","IconButton","apps/web/src/features/pages/onboarding-templates.tsx","168","partial-bounded-evidence","knowledge_nested:templates","pending"
"d604802bf3fbfba2","pages","TemplateCard","Input","apps/web/src/features/pages/onboarding-templates.tsx","183","partial-bounded-evidence","knowledge_nested:templates","pending"
"9d14a49b0eadd2ae","pages","TemplateCard","p","apps/web/src/features/pages/onboarding-templates.tsx","195","pending","","pending"
"e582cbdc9e050632","pages","TemplateCard","Input","apps/web/src/features/pages/onboarding-templates.tsx","207","partial-bounded-evidence","knowledge_nested:templates","pending"
"99b14393403969c3","pages","TemplateCard","p","apps/web/src/features/pages/onboarding-templates.tsx","228","pending","","pending"
"00d2c395280595f7","pages","TemplateCard","select","apps/web/src/features/pages/onboarding-templates.tsx","236","partial-bounded-evidence","knowledge_nested:templates","pending"
"75d3ba80038b99e0","pages","TemplateCard","IconButton","apps/web/src/features/pages/onboarding-templates.tsx","257","partial-bounded-evidence","knowledge_nested:templates","pending"
"93c7a3ba342eb4a4","pages","TemplateCard","IconButton","apps/web/src/features/pages/onboarding-templates.tsx","265","partial-bounded-evidence","knowledge_nested:templates","pending"
"e39b5fe879638bc8","pages","TemplateCard","form","apps/web/src/features/pages/onboarding-templates.tsx","281","pending","","pending"
"4ad8621fb2c74bce","pages","TemplateCard","Input","apps/web/src/features/pages/onboarding-templates.tsx","293","partial-bounded-evidence","knowledge_nested:templates","pending"
"58091d3db20ffe56","pages","TemplateCard","select","apps/web/src/features/pages/onboarding-templates.tsx","303","partial-bounded-evidence","knowledge_nested:templates","pending"
"199884fc91eb6da1","pages","TemplateCard","Button","apps/web/src/features/pages/onboarding-templates.tsx","316","partial-bounded-evidence","knowledge_nested:templates","pending"
"3b04a49f893b4a77","pages","TemplateCard","p","apps/web/src/features/pages/onboarding-templates.tsx","328","pending","","pending"
"1f8db2318cb53221","pages","TemplateCard","p","apps/web/src/features/pages/onboarding-templates.tsx","333","pending","","pending"
"2e9b1313d388b854","pages","TemplateCard","p","apps/web/src/features/pages/onboarding-templates.tsx","338","pending","","pending"
"8ddebbbed54353fe","pages","TemplateCard","Button","apps/web/src/features/pages/onboarding-templates.tsx","344","partial-bounded-evidence","knowledge_nested:templates","pending"
"69aa3bf10fa98366","pages","TemplateCard","Button","apps/web/src/features/pages/onboarding-templates.tsx","358","partial-bounded-evidence","knowledge_nested:templates","pending"
"395bc3b24a747deb","pages","TemplateCard","Dialog","apps/web/src/features/pages/onboarding-templates.tsx","363","partial-bounded-evidence","knowledge_nested:templates","pending"
"dd615749035cc417","pages","TemplateCard","DialogContent","apps/web/src/features/pages/onboarding-templates.tsx","369","pending","","pending"
"aa23c102a58252d1","pages","TemplateCard","p","apps/web/src/features/pages/onboarding-templates.tsx","382","pending","","pending"
"bfe951445679401a","pages","TemplateCard","Button","apps/web/src/features/pages/onboarding-templates.tsx","387","partial-bounded-evidence","knowledge_nested:templates","pending"
"816fd36092533e56","pages","TemplateCard","Button","apps/web/src/features/pages/onboarding-templates.tsx","394","partial-bounded-evidence","knowledge_nested:templates","pending"
"695b457e897d2490","pages","OnboardingTemplatesPanel","StateView","apps/web/src/features/pages/onboarding-templates.tsx","439","pending","","pending"
"e9d9b6b027d1181c","pages","OnboardingTemplatesPanel","StateView","apps/web/src/features/pages/onboarding-templates.tsx","442","pending","","pending"
"23b4e05d87f075f6","pages","OnboardingTemplatesPanel","StateView","apps/web/src/features/pages/onboarding-templates.tsx","456","pending","","pending"
"c25207e7cdb85db3","pages","OnboardingTemplatesPanel","form","apps/web/src/features/pages/onboarding-templates.tsx","472","pending","","pending"
"4466f9f8fc65ca4e","pages","OnboardingTemplatesPanel","Input","apps/web/src/features/pages/onboarding-templates.tsx","491","partial-bounded-evidence","knowledge_nested:templates","pending"
"e356ca6dee79d961","pages","OnboardingTemplatesPanel","Button","apps/web/src/features/pages/onboarding-templates.tsx","501","partial-bounded-evidence","knowledge_nested:templates","pending"
"3d1e31c2552998db","pages","OnboardingTemplatesPanel","p","apps/web/src/features/pages/onboarding-templates.tsx","512","pending","","pending"
"78482f84c5a78387","pages","ToolbarButton","IconButton","apps/web/src/features/pages/page-editor.tsx","57","pending","","pending"
"314ecccd4a62d080","pages","PageEditor","Input","apps/web/src/features/pages/page-editor.tsx","300","partial-bounded-evidence","knowledge_nested:visual","pending"
"c6361dcb1683abe7","pages","PageEditor","div","apps/web/src/features/pages/page-editor.tsx","314","partial-bounded-evidence","knowledge_nested:visual","pending"
"d1aedefaec15dd94","pages","PageEditor","ToolbarButton","apps/web/src/features/pages/page-editor.tsx","319","partial-bounded-evidence","knowledge_nested:editor","pending"
"7efb9a3d512795b9","pages","PageEditor","ToolbarButton","apps/web/src/features/pages/page-editor.tsx","326","partial-bounded-evidence","knowledge_nested:editor","pending"
"aef94c63bb262a8a","pages","PageEditor","ToolbarButton","apps/web/src/features/pages/page-editor.tsx","333","partial-bounded-evidence","knowledge_nested:editor","pending"
"fed0007654177e4a","pages","PageEditor","ToolbarButton","apps/web/src/features/pages/page-editor.tsx","340","partial-bounded-evidence","knowledge_nested:editor","pending"
"db5a690c85a85475","pages","PageEditor","ToolbarButton","apps/web/src/features/pages/page-editor.tsx","347","partial-bounded-evidence","knowledge_nested:editor","pending"
"60cc342bfb4480d3","pages","PageEditor","ToolbarButton","apps/web/src/features/pages/page-editor.tsx","354","partial-bounded-evidence","knowledge_nested:editor","pending"
"6a98880711f779ee","pages","PageEditor","ToolbarButton","apps/web/src/features/pages/page-editor.tsx","361","partial-bounded-evidence","knowledge_nested:editor","pending"
"fc39d487efee658f","pages","PageEditor","ToolbarButton","apps/web/src/features/pages/page-editor.tsx","368","partial-bounded-evidence","knowledge_nested:editor","pending"
"6e658b33ee2d0919","pages","PageEditor","ToolbarButton","apps/web/src/features/pages/page-editor.tsx","375","partial-bounded-evidence","knowledge_nested:editor","pending"
"8859fb38b2182f83","pages","PageEditor","ToolbarButton","apps/web/src/features/pages/page-editor.tsx","382","partial-bounded-evidence","knowledge_nested:editor","pending"
"eb4b393e850bc3fd","pages","PageEditor","TranslateTargetPicker","apps/web/src/features/pages/page-editor.tsx","390","partial-bounded-evidence","knowledge_nested:excludedAi","pending"
"a7b135f074ff632a","pages","PageEditor","SparkleButton","apps/web/src/features/pages/page-editor.tsx","396","partial-bounded-evidence","knowledge_nested:excludedAi","pending"
"e955ba86a8f45dc4","pages","PageEditor","textarea","apps/web/src/features/pages/page-editor.tsx","432","pending","","pending"
"0960819b3f130cbd","pages","CreatePageForm","Button","apps/web/src/features/pages/pages-screen.tsx","118","pending","","pending"
"87d867c32f55af74","pages","CreatePageForm","form","apps/web/src/features/pages/pages-screen.tsx","127","pending","","pending"
"2386c7725297e25a","pages","CreatePageForm","select","apps/web/src/features/pages/pages-screen.tsx","149","pending","","pending"
"268fb874950f97a5","pages","CreatePageForm","Input","apps/web/src/features/pages/pages-screen.tsx","162","pending","","pending"
"edbf418948e2bfea","pages","CreatePageForm","Button","apps/web/src/features/pages/pages-screen.tsx","178","pending","","pending"
"949c24f2ccbeada8","pages","CreatePageForm","Button","apps/web/src/features/pages/pages-screen.tsx","181","pending","","pending"
"a9519189bd61a608","pages","CreatePageForm","p","apps/web/src/features/pages/pages-screen.tsx","185","pending","","pending"
"5cf78aead883bc6a","pages","CreatePageForm","p","apps/web/src/features/pages/pages-screen.tsx","194","pending","","pending"
"1a8d9f5f8f5deb99","pages","PageList","StateView","apps/web/src/features/pages/pages-screen.tsx","216","pending","","pending"
"e699697d85fdf55c","pages","PageList","StateView","apps/web/src/features/pages/pages-screen.tsx","219","pending","","pending"
"b0e873d45d8755a7","pages","PageList","StateView","apps/web/src/features/pages/pages-screen.tsx","233","pending","","pending"
"946972dd04945762","pages","PageList","motion.button","apps/web/src/features/pages/pages-screen.tsx","267","partial-bounded-evidence","root-knowledge-publication:lifecycle","pending"
"bf508f9a1b4f1a4a","pages","AutosaveIndicator","span","apps/web/src/features/pages/pages-screen.tsx","308","pending","","pending"
"8e11df2687fe3199","pages","PageDetail","StateView","apps/web/src/features/pages/pages-screen.tsx","416","pending","","pending"
"f3d9df92c9017ee2","pages","PageDetail","StateView","apps/web/src/features/pages/pages-screen.tsx","419","pending","","pending"
"9350f1bb70bfc4e0","pages","PageDetail","button","apps/web/src/features/pages/pages-screen.tsx","436","partial-bounded-evidence","root-knowledge-publication:lifecycle","pending"
"37e61f598a887e28","pages","PageDetail","DropdownMenu","apps/web/src/features/pages/pages-screen.tsx","453","pending","","pending"
"bf99e3ae3d31e24f","pages","PageDetail","DropdownMenuTrigger","apps/web/src/features/pages/pages-screen.tsx","454","pending","","pending"
"c50feff156928623","pages","PageDetail","IconButton","apps/web/src/features/pages/pages-screen.tsx","455","partial-bounded-evidence","root-knowledge-publication:lifecycle","pending"
"caacb3575f5ea546","pages","PageDetail","DropdownMenuContent","apps/web/src/features/pages/pages-screen.tsx","459","pending","","pending"
"11dfa4124c0f90c0","pages","PageDetail","DropdownMenuItem","apps/web/src/features/pages/pages-screen.tsx","460","partial-bounded-evidence","root-knowledge-publication:lifecycle","pending"
"0a6bc6fbcb1e68b7","pages","PageDetail","p","apps/web/src/features/pages/pages-screen.tsx","488","pending","","pending"
"7fdd1426cd5acb2a","pages","PageDetail","p","apps/web/src/features/pages/pages-screen.tsx","494","pending","","pending"
"6b947a7c543f3d4d","pages","PageDetail","Button","apps/web/src/features/pages/pages-screen.tsx","497","pending","","pending"
"573587ff31011bd6","pages","PageDetail","PageEditor","apps/web/src/features/pages/pages-screen.tsx","504","partial-bounded-evidence","root-knowledge-publication:lifecycle","pending"
"d48739e560ae6de4","pages","PagesScreen","StateView","apps/web/src/features/pages/pages-screen.tsx","559","pending","","pending"
"d031ee9d25f4424c","pages","PagesScreen","StateView","apps/web/src/features/pages/pages-screen.tsx","561","pending","","pending"
"edf21a13c4abb073","pages","PagesScreen","StateView","apps/web/src/features/pages/pages-screen.tsx","565","partial-bounded-evidence","root-shared-recovery:pagesNoMembership","pending"
"c6316f7986c9626d","pages","PagesScreen","Button","apps/web/src/features/pages/pages-screen.tsx","603","pending","","pending"
"40ab3dc20cd562eb","pages","VersionHistory","StateView","apps/web/src/features/pages/version-history.tsx","66","pending","","pending"
"67f446f2f05f9e42","pages","VersionHistory","StateView","apps/web/src/features/pages/version-history.tsx","69","pending","","pending"
"52c66e6341d45ec2","pages","VersionHistory","button","apps/web/src/features/pages/version-history.tsx","88","partial-bounded-evidence","root-knowledge-publication:historyContrast","pending"
"608004b02512d1eb","pages","VersionHistory","StateView","apps/web/src/features/pages/version-history.tsx","111","pending","","pending"
"31d9a586659e61b8","pages","VersionHistory","StateView","apps/web/src/features/pages/version-history.tsx","123","pending","","pending"
"bc50ac5c3cfb7258","pages","VersionHistory","Button","apps/web/src/features/pages/version-history.tsx","131","partial-bounded-evidence","root-knowledge-publication:lifecycle","pending"
"2570491ddd35f1fd","people","ColumnHeader","button","apps/web/src/features/people/components/column-header.tsx","99","pending","","pending"
"5708efa6f191c21b","people","ColumnHeader","Popover","apps/web/src/features/people/components/column-header.tsx","114","pending","","pending"
"534bed6cc226cc33","people","ColumnHeader","PopoverTrigger","apps/web/src/features/people/components/column-header.tsx","115","pending","","pending"
"67c9e10c6034b330","people","ColumnHeader","IconButton","apps/web/src/features/people/components/column-header.tsx","116","pending","","pending"
"2ab8d56e46b4f24d","people","ColumnHeader","PopoverContent","apps/web/src/features/people/components/column-header.tsx","124","pending","","pending"
"60fc7a9772005c4a","people","ColumnHeader","Select","apps/web/src/features/people/components/column-header.tsx","126","pending","","pending"
"75f9cc08d5f0be33","people","ColumnHeader","Input","apps/web/src/features/people/components/column-header.tsx","133","pending","","pending"
"5a9e742236509a7f","people","ColumnHeader","Button","apps/web/src/features/people/components/column-header.tsx","146","pending","","pending"
"f70e132611221ae6","people","ColumnHeader","Button","apps/web/src/features/people/components/column-header.tsx","149","pending","","pending"
"e053573461c7698b","people","ColumnHeader","Button","apps/web/src/features/people/components/column-header.tsx","156","pending","","pending"
"343d4fd2e735375c","people","ColumnPicker","Popover","apps/web/src/features/people/components/column-picker.tsx","104","pending","","pending"
"2d48e36e11e7422c","people","ColumnPicker","PopoverTrigger","apps/web/src/features/people/components/column-picker.tsx","105","pending","","pending"
"57cffee7848a5443","people","ColumnPicker","Button","apps/web/src/features/people/components/column-picker.tsx","106","pending","","pending"
"770b4f0fd93782b4","people","ColumnPicker","PopoverContent","apps/web/src/features/people/components/column-picker.tsx","112","pending","","pending"
"5525ba51b5dfca15","people","ColumnPicker","IconButton","apps/web/src/features/people/components/column-picker.tsx","139","pending","","pending"
"021994a9e0063064","people","ColumnPicker","IconButton","apps/web/src/features/people/components/column-picker.tsx","148","pending","","pending"
"8a8cbdc381ceba87","people","ColumnPicker","Checkbox","apps/web/src/features/people/components/column-picker.tsx","180","pending","","pending"
"3147a70bc1e45901","people","QuickAssignSheet","Sheet","apps/web/src/features/people/components/quick-assign-sheet.tsx","115","pending","","pending"
"29617d371d6f52d1","people","QuickAssignSheet","SheetContent","apps/web/src/features/people/components/quick-assign-sheet.tsx","116","pending","","pending"
"8a29f58bdd47aafc","people","QuickAssignSheet","form","apps/web/src/features/people/components/quick-assign-sheet.tsx","117","pending","","pending"
"fe878674d83f18c8","people","QuickAssignSheet","Button","apps/web/src/features/people/components/quick-assign-sheet.tsx","124","pending","","pending"
"6bf87faa3c350902","people","QuickAssignSheet","Input","apps/web/src/features/people/components/quick-assign-sheet.tsx","161","pending","","pending"
"519f90fec907a8da","people","QuickAssignSheet","DatePicker","apps/web/src/features/people/components/quick-assign-sheet.tsx","174","pending","","pending"
"2a35bd9e8f4dc789","people","QuickAssignSheet","Select","apps/web/src/features/people/components/quick-assign-sheet.tsx","194","pending","","pending"
"c1b4e8d675986ed0","people","QuickAssignSheet","Button","apps/web/src/features/people/components/quick-assign-sheet.tsx","208","pending","","pending"
"0b1e654fb9e89dcc","people","QuickAssignSheet","Button","apps/web/src/features/people/components/quick-assign-sheet.tsx","212","pending","","pending"
"cae5e04d60b10216","people","ViewTabs","div","apps/web/src/features/people/components/view-tabs.tsx","86","pending","","pending"
"08a636155a4938d9","people","ViewTabs","button","apps/web/src/features/people/components/view-tabs.tsx","91","pending","","pending"
"311e5dcb1b9aa321","people","ViewTabs","button","apps/web/src/features/people/components/view-tabs.tsx","107","pending","","pending"
"fdaba8cc0e23df46","people","ViewTabs","DropdownMenu","apps/web/src/features/people/components/view-tabs.tsx","124","pending","","pending"
"58b1bc228a986fa3","people","ViewTabs","DropdownMenuTrigger","apps/web/src/features/people/components/view-tabs.tsx","125","pending","","pending"
"cb87774130dc5d4d","people","ViewTabs","IconButton","apps/web/src/features/people/components/view-tabs.tsx","126","pending","","pending"
"54338c14685d827c","people","ViewTabs","DropdownMenuContent","apps/web/src/features/people/components/view-tabs.tsx","130","pending","","pending"
"d35237da8901c9dc","people","ViewTabs","DropdownMenuItem","apps/web/src/features/people/components/view-tabs.tsx","131","pending","","pending"
"13dc65440c9199a3","people","ViewTabs","DropdownMenuItem","apps/web/src/features/people/components/view-tabs.tsx","136","pending","","pending"
"a1515283cbace1a8","people","ViewTabs","DropdownMenuItem","apps/web/src/features/people/components/view-tabs.tsx","140","pending","","pending"
"84c17bfd73a1ac61","people","ViewTabs","Popover","apps/web/src/features/people/components/view-tabs.tsx","149","pending","","pending"
"7f8754405612aee2","people","ViewTabs","PopoverTrigger","apps/web/src/features/people/components/view-tabs.tsx","150","pending","","pending"
"01dd6ea4bda5296a","people","ViewTabs","Button","apps/web/src/features/people/components/view-tabs.tsx","151","pending","","pending"
"b9c1203181abd797","people","ViewTabs","PopoverContent","apps/web/src/features/people/components/view-tabs.tsx","156","pending","","pending"
"fd2c2d377c07cff4","people","ViewTabs","Input","apps/web/src/features/people/components/view-tabs.tsx","159","partial-bounded-evidence","visual_controls:savedView","pending"
"40d9da9ea09018c9","people","ViewTabs","Switch","apps/web/src/features/people/components/view-tabs.tsx","168","partial-bounded-evidence","visual_controls:savedView","pending"
"83f9246850244d61","people","ViewTabs","Switch","apps/web/src/features/people/components/view-tabs.tsx","172","pending","","pending"
"ba4b1f88fbb29715","people","ViewTabs","p","apps/web/src/features/people/components/view-tabs.tsx","175","pending","","pending"
"89a256d31cef75d7","people","ViewTabs","Button","apps/web/src/features/people/components/view-tabs.tsx","179","partial-bounded-evidence","visual_controls:savedView","pending"
"d7fd10fff42678f2","people","ViewTabs","Button","apps/web/src/features/people/components/view-tabs.tsx","195","pending","","pending"
"bd2e04e05ddb4290","people","ViewTabs","Button","apps/web/src/features/people/components/view-tabs.tsx","200","pending","","pending"
"bce00f340cd91304","people","MyProfileScreen","ForcedStateBlock","apps/web/src/features/people/my-profile-screen.tsx","24","pending","","pending"
"8a70ede71a0aaf21","people","MyProfileScreen","StateView","apps/web/src/features/people/my-profile-screen.tsx","27","pending","","pending"
"ef0f477c9a5d431f","people","MyProfileScreen","StateView","apps/web/src/features/people/my-profile-screen.tsx","37","pending","","pending"
"2783181b0bd1af33","people","PeopleTableScreen","ForcedStateBlock","apps/web/src/features/people/people-table-screen.tsx","388","pending","","pending"
"bd0600fb97476c35","people","PeopleTableScreen","StateView","apps/web/src/features/people/people-table-screen.tsx","392","pending","","pending"
"1428f68f0ca9011f","people","PeopleTableScreen","StateView","apps/web/src/features/people/people-table-screen.tsx","403","pending","","pending"
"9b12237fed76f9c1","people","PeopleTableScreen","StateView","apps/web/src/features/people/people-table-screen.tsx","433","pending","","pending"
"9480f7cedbf81c81","people","PeopleTableScreen","StateView","apps/web/src/features/people/people-table-screen.tsx","443","pending","","pending"
"f4eab71b6eca5d16","people","PeopleTable","Input","apps/web/src/features/people/people-table-screen.tsx","834","pending","","pending"
"ad1f8308847f90e8","people","PeopleTable","Button","apps/web/src/features/people/people-table-screen.tsx","843","pending","","pending"
"74145840400f286a","people","PeopleTable","SegmentedControl","apps/web/src/features/people/people-table-screen.tsx","847","pending","","pending"
"6ed81f282da0e6ad","people","PeopleTable","Select","apps/web/src/features/people/people-table-screen.tsx","857","pending","","pending"
"179b3294b69aedd5","people","PeopleTable","ColumnPicker","apps/web/src/features/people/people-table-screen.tsx","868","pending","","pending"
"6aad0d5ce7ce62fa","people","PeopleTable","Button","apps/web/src/features/people/people-table-screen.tsx","879","pending","","pending"
"a82b62b8164f0cee","people","PeopleTable","a","apps/web/src/features/people/people-table-screen.tsx","880","pending","","pending"
"6cda429a4c4679a4","people","PeopleTable","StateView","apps/web/src/features/people/people-table-screen.tsx","892","pending","","pending"
"b152cddc882f19de","people","PeopleTable","StateView","apps/web/src/features/people/people-table-screen.tsx","900","pending","","pending"
"2f92f3028471a27c","people","PeopleTable","div","apps/web/src/features/people/people-table-screen.tsx","931","partial-bounded-evidence","visual_controls:peopleTable","pending"
"e10377f4b48cf66a","people","PeopleTable","Checkbox","apps/web/src/features/people/people-table-screen.tsx","954","pending","","pending"
"334b971d1e128674","people","PeopleTable","button","apps/web/src/features/people/people-table-screen.tsx","966","pending","","pending"
"3287076050acbb04","people","PeopleTable","button","apps/web/src/features/people/people-table-screen.tsx","975","pending","","pending"
"d2e85c952a620900","people","PeopleTable","Checkbox","apps/web/src/features/people/people-table-screen.tsx","1071","pending","","pending"
"d68df03179d6c3cf","people","PeopleTable","Button","apps/web/src/features/people/people-table-screen.tsx","1223","pending","","pending"
"1989e0aa1412565e","people","PeopleTable","Button","apps/web/src/features/people/people-table-screen.tsx","1237","pending","","pending"
"8af45dab118f4793","people","PeopleTable","Button","apps/web/src/features/people/people-table-screen.tsx","1247","pending","","pending"
"188f1bc1bc0e8be0","people","PeopleTable","a","apps/web/src/features/people/people-table-screen.tsx","1248","pending","","pending"
"1602bcf5cf3f2366","people","PeopleTable","Button","apps/web/src/features/people/people-table-screen.tsx","1254","pending","","pending"
"b91018ec806562ed","people","PeopleTable","QuickAssignSheet","apps/web/src/features/people/people-table-screen.tsx","1262","pending","","pending"
"01b8f2f5a52ba137","people","PersonCell","a","apps/web/src/features/people/people-table-screen.tsx","1283","partial-bounded-evidence","visual_controls:peopleLarge;event_regressions-head-scope:indicator","pending"
"5efa8ce617e595bb","people","TaskChips","a","apps/web/src/features/people/people-table-screen.tsx","1325","partial-bounded-evidence","visual_controls:peopleTable;event_regressions-head-scope:indicator","pending"
"7cc6ff8f96e00dcf","people","ColumnResizer","button","apps/web/src/features/people/people-table-screen.tsx","1429","partial-bounded-evidence","visual_controls:peopleTable","pending"
"500326849b127e40","people","RowActions","Button","apps/web/src/features/people/people-table-screen.tsx","1487","pending","","pending"
"14ba102cdc5c6f2e","people","RowActions","Button","apps/web/src/features/people/people-table-screen.tsx","1496","pending","","pending"
"fa0af15f882616db","people","RowActions","Button","apps/web/src/features/people/people-table-screen.tsx","1505","pending","","pending"
"75115bfbcd7b617e","people","RowActions","a","apps/web/src/features/people/people-table-screen.tsx","1511","pending","","pending"
"d304b0e57f1a4e52","people","RowActions","DropdownMenu","apps/web/src/features/people/people-table-screen.tsx","1517","pending","","pending"
"356d39765d223214","people","RowActions","DropdownMenuTrigger","apps/web/src/features/people/people-table-screen.tsx","1518","pending","","pending"
"18f02037ce81fce7","people","RowActions","Button","apps/web/src/features/people/people-table-screen.tsx","1519","pending","","pending"
"67ea15350132c271","people","RowActions","DropdownMenuContent","apps/web/src/features/people/people-table-screen.tsx","1527","pending","","pending"
"2583f12490abb14f","people","RowActions","DropdownMenuItem","apps/web/src/features/people/people-table-screen.tsx","1528","pending","","pending"
"d1bfa565746f5560","people","PeopleCards","article","apps/web/src/features/people/people-table-screen.tsx","1577","pending","","pending"
"8f583f504fca616c","people","PeopleCards","Button","apps/web/src/features/people/people-table-screen.tsx","1602","pending","","pending"
"ccb3aa184667a7b9","people","ChartFrame","Card","apps/web/src/features/people/person/person-charts.tsx","92","pending","","pending"
"b5095cbe278a045a","people","ThroughputChart","Tooltip","apps/web/src/features/people/person/person-charts.tsx","175","pending","","pending"
"d6b04044b70cce16","people","OnTimeChart","Tooltip","apps/web/src/features/people/person/person-charts.tsx","231","pending","","pending"
"f71a0e833c7ee9cd","people","LoadByProjectChart","Tooltip","apps/web/src/features/people/person/person-charts.tsx","299","pending","","pending"
"855746c5719aecea","people","PersonFieldsTab","StateView","apps/web/src/features/people/person/person-fields-tab.tsx","115","pending","","pending"
"9d697c47d481fd74","people","PersonFieldsTab","StateView","apps/web/src/features/people/person/person-fields-tab.tsx","127","pending","","pending"
"689014af7314f422","people","PersonFieldsTab","StateView","apps/web/src/features/people/person/person-fields-tab.tsx","136","pending","","pending"
"85dfe124e1dfee42","people","PersonFieldsTab","Card","apps/web/src/features/people/person/person-fields-tab.tsx","166","pending","","pending"
"bd1f675abd0771c5","people","PersonFieldsTab","Button","apps/web/src/features/people/person/person-fields-tab.tsx","193","pending","","pending"
"78146e3a106e4e90","people","PersonFieldsTab","Button","apps/web/src/features/people/person/person-fields-tab.tsx","204","pending","","pending"
"c9052b0dbcc14a1c","people","PersonFieldsTab","a","apps/web/src/features/people/person/person-fields-tab.tsx","205","pending","","pending"
"c4d9cacf2d6aeb4b","people","PersonPage","StateView","apps/web/src/features/people/person/person-page.tsx","118","pending","","pending"
"dfaeeb466b09cc47","people","PersonPage","StateView","apps/web/src/features/people/person/person-page.tsx","131","pending","","pending"
"b5309b1e04aed4d7","people","PersonPage","StateView","apps/web/src/features/people/person/person-page.tsx","144","pending","","pending"
"001e1779c6d23c78","people","PersonPage","Button","apps/web/src/features/people/person/person-page.tsx","163","pending","","pending"
"304cb0fea54b0adc","people","PersonPage","Tabs","apps/web/src/features/people/person/person-page.tsx","177","pending","","pending"
"fb15a5ca6290ec07","people","PersonPage","TabsList","apps/web/src/features/people/person/person-page.tsx","178","pending","","pending"
"788a68421e84e16f","people","PersonPage","TabsTrigger","apps/web/src/features/people/person/person-page.tsx","179","pending","","pending"
"c279f3f09c4ade74","people","PersonPage","TabsTrigger","apps/web/src/features/people/person/person-page.tsx","180","pending","","pending"
"c80a7428b4b980e6","people","PersonPage","TabsTrigger","apps/web/src/features/people/person/person-page.tsx","181","pending","","pending"
"db62c8a76ae138b5","people","PersonPage","TabsTrigger","apps/web/src/features/people/person/person-page.tsx","184","pending","","pending"
"31254666e11d31bf","people","PersonPage","TabsTrigger","apps/web/src/features/people/person/person-page.tsx","188","pending","","pending"
"67ac0c983463befd","people","PersonPage","TabsTrigger","apps/web/src/features/people/person/person-page.tsx","190","pending","","pending"
"e13a5b62ba956681","people","PersonPage","TabsTrigger","apps/web/src/features/people/person/person-page.tsx","191","pending","","pending"
"2ac43537f2458d38","people","PersonPage","TabsContent","apps/web/src/features/people/person/person-page.tsx","194","pending","","pending"
"d29af971f326ea71","people","PersonPage","TabsContent","apps/web/src/features/people/person/person-page.tsx","197","pending","","pending"
"e145ce2daffe5dee","people","PersonPage","TabsContent","apps/web/src/features/people/person/person-page.tsx","200","pending","","pending"
"ccf791a23a101711","people","PersonPage","TabsContent","apps/web/src/features/people/person/person-page.tsx","203","pending","","pending"
"f8b6ea80f1ba0e9e","people","PersonPage","TabsContent","apps/web/src/features/people/person/person-page.tsx","207","pending","","pending"
"dc13f61ba72eaa19","people","PersonPage","TabsContent","apps/web/src/features/people/person/person-page.tsx","211","pending","","pending"
"78a9827f41400c70","people","PersonPage","TabsContent","apps/web/src/features/people/person/person-page.tsx","218","pending","","pending"
"80825b742d492695","people","PersonPage","QuickAssignSheet","apps/web/src/features/people/person/person-page.tsx","226","pending","","pending"
"70c7f938daec4911","people","PersonHeaderCard","Card","apps/web/src/features/people/person/person-page.tsx","270","pending","","pending"
"7298e4ea7b257261","people","PersonHeaderCard","Button","apps/web/src/features/people/person/person-page.tsx","343","pending","","pending"
"6c7d65a8bd292908","people","PersonHeaderCard","Button","apps/web/src/features/people/person/person-page.tsx","347","pending","","pending"
"5fcac5be3ef97794","people","PersonHeaderCard","Button","apps/web/src/features/people/person/person-page.tsx","352","pending","","pending"
"1d8af57e1ce7513c","people","PersonHeaderCard","a","apps/web/src/features/people/person/person-page.tsx","353","pending","","pending"
"d9cd6f3a6ce054d6","people","OverviewTab","Card","apps/web/src/features/people/person/person-page.tsx","387","pending","","pending"
"26608591acadb7f3","people","OverviewTab","Card","apps/web/src/features/people/person/person-page.tsx","416","pending","","pending"
"42863b938497f1c5","people","CardRow","a","apps/web/src/features/people/person/person-page.tsx","450","pending","","pending"
"14a912883c135cd0","people","TasksTab","SegmentedControl","apps/web/src/features/people/person/person-page.tsx","500","pending","","pending"
"d7ad07f11c13a74b","people","TasksTab","SegmentedControl","apps/web/src/features/people/person/person-page.tsx","513","pending","","pending"
"f06fe5f7fb5bcf92","people","TasksTab","StateView","apps/web/src/features/people/person/person-page.tsx","538","pending","","pending"
"065d248189347c23","people","TasksTab","StateView","apps/web/src/features/people/person/person-page.tsx","551","pending","","pending"
"6deaf65bf5825b03","people","ProjectsTab","StateView","apps/web/src/features/people/person/person-page.tsx","583","pending","","pending"
"11f86d2e71a82129","people","ProjectsTab","Card","apps/web/src/features/people/person/person-page.tsx","597","pending","","pending"
"5af6e61a045ab321","people","ProjectsTab","Progress","apps/web/src/features/people/person/person-page.tsx","606","pending","","pending"
"9491525a6da8dd22","people","EventsTab","Card","apps/web/src/features/people/person/person-page.tsx","644","pending","","pending"
"e080cad2786a55b6","people","EventsTab","StateView","apps/web/src/features/people/person/person-page.tsx","672","pending","","pending"
"008f8e1a1077dfb4","people","EventsTab","a","apps/web/src/features/people/person/person-page.tsx","681","pending","","pending"
"4de34894b9b0a095","people","OnboardingTab","Card","apps/web/src/features/people/person/person-page.tsx","723","pending","","pending"
"16eb2a75fc0f92b3","people","OnboardingTab","Progress","apps/web/src/features/people/person/person-page.tsx","730","pending","","pending"
"fbbcfc7e3265b2cd","people","ActivityTab","StateView","apps/web/src/features/people/person/person-page.tsx","779","pending","","pending"
"3f62642e26b002f8","people","ActivityTab","StateView","apps/web/src/features/people/person/person-page.tsx","793","pending","","pending"
"bc062657aa700bcc","personal","CanvasEditor","IconButton","apps/web/src/features/personal/canvas-editor.tsx","659","pending","","pending"
"11e17d742ba6d163","personal","CanvasEditor","Button","apps/web/src/features/personal/canvas-editor.tsx","678","pending","","pending"
"3a88fe2a3a656157","personal","CanvasEditor","IconButton","apps/web/src/features/personal/canvas-editor.tsx","682","pending","","pending"
"aa377a89b41be6df","personal","CanvasEditor","button","apps/web/src/features/personal/canvas-editor.tsx","692","pending","","pending"
"6d52ecd17fae2c34","personal","CanvasEditor","select","apps/web/src/features/personal/canvas-editor.tsx","716","pending","","pending"
"8bc34b879cc11a26","personal","CanvasEditor","IconButton","apps/web/src/features/personal/canvas-editor.tsx","739","pending","","pending"
"7db123da1c94688b","personal","CanvasEditor","IconButton","apps/web/src/features/personal/canvas-editor.tsx","747","pending","","pending"
"afe6867c6f388e4c","personal","CanvasEditor","IconButton","apps/web/src/features/personal/canvas-editor.tsx","755","pending","","pending"
"5b6b9174af46d627","personal","CanvasEditor","IconButton","apps/web/src/features/personal/canvas-editor.tsx","766","pending","","pending"
"dd0eb5feaffdd0ef","personal","CanvasEditor","select","apps/web/src/features/personal/canvas-editor.tsx","779","pending","","pending"
"98a9b1149b12698c","personal","CanvasEditor","input","apps/web/src/features/personal/canvas-editor.tsx","815","pending","","pending"
"e2f21172718cfd83","personal","CanvasEditor","Button","apps/web/src/features/personal/canvas-editor.tsx","835","pending","","pending"
"99df356e5d388bab","personal","CanvasEditor","IconButton","apps/web/src/features/personal/canvas-editor.tsx","847","pending","","pending"
"7beef6e536b62d30","personal","CanvasEditor","Button","apps/web/src/features/personal/canvas-editor.tsx","868","pending","","pending"
"694b5a213aae4790","personal","CanvasEditor","Button","apps/web/src/features/personal/canvas-editor.tsx","871","pending","","pending"
"958b65fd0e60e8c0","personal","CanvasEditor","div","apps/web/src/features/personal/canvas-editor.tsx","876","pending","","pending"
"ba25da0f94d6949e","personal","CanvasEditor","svg","apps/web/src/features/personal/canvas-editor.tsx","898","pending","","pending"
"eed2a04f6f6cf20b","personal","CanvasEditor","g","apps/web/src/features/personal/canvas-editor.tsx","929","pending","","pending"
"2c71473c8aca1188","personal","CanvasEditor","input","apps/web/src/features/personal/canvas-editor.tsx","973","pending","","pending"
"d2b7fa200465b3e8","personal","StickyNoteEl","button","apps/web/src/features/personal/canvas-editor.tsx","1074","pending","","pending"
"cde7b1d52bfd07b0","personal","StickyNoteEl","button","apps/web/src/features/personal/canvas-editor.tsx","1089","pending","","pending"
"870601dd7dd34d6d","personal","StickyNoteEl","textarea","apps/web/src/features/personal/canvas-editor.tsx","1098","pending","","pending"
"3a7b721302c9e225","personal","CanvasView","StateView","apps/web/src/features/personal/canvas-view.tsx","53","pending","","pending"
"31792b5b0852004d","personal","CanvasView","StateView","apps/web/src/features/personal/canvas-view.tsx","56","pending","","pending"
"6f25b774b98c8b52","personal","CanvasView","Button","apps/web/src/features/personal/canvas-view.tsx","74","pending","","pending"
"af31c3380ae4203a","personal","CanvasView","StateView","apps/web/src/features/personal/canvas-view.tsx","93","pending","","pending"
"4ef5bac908804b98","personal","CanvasView","Card","apps/web/src/features/personal/canvas-view.tsx","111","pending","","pending"
"929bcbfb873a9a71","personal","CanvasView","button","apps/web/src/features/personal/canvas-view.tsx","112","pending","","pending"
"7580019fa961d0ab","personal","CanvasView","IconButton","apps/web/src/features/personal/canvas-view.tsx","123","pending","","pending"
"c034c00422509c67","personal","CanvasDetail","StateView","apps/web/src/features/personal/canvas-view.tsx","207","pending","","pending"
"b182667086580c29","personal","CanvasDetail","StateView","apps/web/src/features/personal/canvas-view.tsx","210","pending","","pending"
"df5a6b6fcebce2cc","personal","CanvasDetail","IconButton","apps/web/src/features/personal/canvas-view.tsx","224","pending","","pending"
"ebba80afe053c79a","personal","CanvasDetail","Input","apps/web/src/features/personal/canvas-view.tsx","227","pending","","pending"
"576697eb4598d735","personal","CanvasDetail","IconButton","apps/web/src/features/personal/canvas-view.tsx","260","pending","","pending"
"ffdb9ce93de94c1b","personal","CanvasDetail","IconButton","apps/web/src/features/personal/canvas-view.tsx","263","pending","","pending"
"e3b76a0ec2655a13","personal","CanvasDetail","p","apps/web/src/features/personal/canvas-view.tsx","274","pending","","pending"
"b9018306b9bac2a6","personal","CanvasDetail","p","apps/web/src/features/personal/canvas-view.tsx","280","pending","","pending"
"1b5e00bd48cf91d9","personal","CanvasDetail","Button","apps/web/src/features/personal/canvas-view.tsx","283","pending","","pending"
"a184ba54ec51face","personal","CanvasDetail","CanvasEditor","apps/web/src/features/personal/canvas-view.tsx","295","pending","","pending"
"a2b5e7a7e6ca71fd","personal","NoteCard","Card","apps/web/src/features/personal/notes-view.tsx","172","pending","","pending"
"8ba6455940e521de","personal","NoteCard","Input","apps/web/src/features/personal/notes-view.tsx","178","pending","","pending"
"3fce9c13a1a5ab43","personal","NoteCard","IconButton","apps/web/src/features/personal/notes-view.tsx","195","pending","","pending"
"24c37bcc21a904f2","personal","NoteCard","IconButton","apps/web/src/features/personal/notes-view.tsx","206","pending","","pending"
"5bf77432a62a6648","personal","NoteCard","p","apps/web/src/features/personal/notes-view.tsx","217","pending","","pending"
"c84186e55416af06","personal","NoteCard","textarea","apps/web/src/features/personal/notes-view.tsx","221","pending","","pending"
"603559c13c4a435d","personal","NoteCard","TranslateTargetPicker","apps/web/src/features/personal/notes-view.tsx","232","pending","","pending"
"952bb802a81b0558","personal","NoteCard","SparkleButton","apps/web/src/features/personal/notes-view.tsx","238","pending","","pending"
"f0e4c09337e55287","personal","NoteCard","p","apps/web/src/features/personal/notes-view.tsx","272","pending","","pending"
"0ae594fed3e5f7e3","personal","NoteCard","Button","apps/web/src/features/personal/notes-view.tsx","275","pending","","pending"
"804d8fd1896ac923","personal","NotesView","StateView","apps/web/src/features/personal/notes-view.tsx","323","pending","","pending"
"da24ed4098a9b5a9","personal","NotesView","StateView","apps/web/src/features/personal/notes-view.tsx","326","pending","","pending"
"a7d6a654244537f5","personal","NotesView","Button","apps/web/src/features/personal/notes-view.tsx","344","pending","","pending"
"f0c311d6d528f55e","personal","NotesView","StateView","apps/web/src/features/personal/notes-view.tsx","360","pending","","pending"
"e499e89ec2381ca9","personal","PersonalScreen","StateView","apps/web/src/features/personal/personal-screen.tsx","54","pending","","pending"
"49bacd6880cf2c9c","personal","PersonalScreen","StateView","apps/web/src/features/personal/personal-screen.tsx","56","pending","","pending"
"1b2ca54519114cad","personal","PersonalScreen","Tabs","apps/web/src/features/personal/personal-screen.tsx","60","pending","","pending"
"dd0d80e58d203f03","personal","PersonalScreen","TabsList","apps/web/src/features/personal/personal-screen.tsx","67","pending","","pending"
"aacc20f29eefc3b0","personal","PersonalScreen","TabsTrigger","apps/web/src/features/personal/personal-screen.tsx","69","pending","","pending"
"b09a6124d1436eae","personal","PersonalScreen","TabsContent","apps/web/src/features/personal/personal-screen.tsx","78","pending","","pending"
"9320e3ae299d5689","personal","PersonalScreen","TabsContent","apps/web/src/features/personal/personal-screen.tsx","81","pending","","pending"
"08df8959da645b7b","personal","PersonalScreen","TabsContent","apps/web/src/features/personal/personal-screen.tsx","84","pending","","pending"
"cad7c25cf506d44e","personal","PersonalScreen","TabsContent","apps/web/src/features/personal/personal-screen.tsx","87","pending","","pending"
"822b303f8a445ec4","personal","PersonalScreen","TabsContent","apps/web/src/features/personal/personal-screen.tsx","90","pending","","pending"
"af9c0009a54fd16d","personal","PersonalScreen","TabsContent","apps/web/src/features/personal/personal-screen.tsx","93","pending","","pending"
"ca1b22ab6e1c61f8","personal","SettingsSheet","Sheet","apps/web/src/features/personal/pomodoro-panel.tsx","98","pending","","pending"
"af81a3e5fcd7a6b3","personal","SettingsSheet","SheetTrigger","apps/web/src/features/personal/pomodoro-panel.tsx","99","pending","","pending"
"cf3b975328dd19f7","personal","SettingsSheet","IconButton","apps/web/src/features/personal/pomodoro-panel.tsx","100","pending","","pending"
"775e81d93b11c6f1","personal","SettingsSheet","SheetContent","apps/web/src/features/personal/pomodoro-panel.tsx","104","pending","","pending"
"af3eab9036ab8bad","personal","SettingsSheet","p","apps/web/src/features/personal/pomodoro-panel.tsx","115","pending","","pending"
"a456e89ef38c68a0","personal","SettingsSheet","Button","apps/web/src/features/personal/pomodoro-panel.tsx","118","pending","","pending"
"246c06f993af3556","personal","SettingsSheet","Button","apps/web/src/features/personal/pomodoro-panel.tsx","125","pending","","pending"
"76b42d2fdc46de48","personal","SettingsSheet","Button","apps/web/src/features/personal/pomodoro-panel.tsx","180","pending","","pending"
"cfb4d02f5fc1f241","personal","SettingsSheet","input","apps/web/src/features/personal/pomodoro-panel.tsx","195","pending","","pending"
"ebf833683d9709ad","personal","SettingsSheet","input","apps/web/src/features/personal/pomodoro-panel.tsx","205","pending","","pending"
"5ac3de4c4c1bb835","personal","PomodoroPanel","StateView","apps/web/src/features/personal/pomodoro-panel.tsx","234","pending","","pending"
"a6acdbfaa2a72c17","personal","PomodoroPanel","StateView","apps/web/src/features/personal/pomodoro-panel.tsx","237","pending","","pending"
"6a2eb836ec41fb2a","personal","PomodoroPanel","IconButton","apps/web/src/features/personal/pomodoro-panel.tsx","268","pending","","pending"
"7ea8feb78f3d36e0","personal","PomodoroPanel","ProgressRing","apps/web/src/features/personal/pomodoro-panel.tsx","298","pending","","pending"
"3546f7687ab3530a","personal","PomodoroPanel","Button","apps/web/src/features/personal/pomodoro-panel.tsx","332","pending","","pending"
"39735fed673b22d1","personal","PomodoroPanel","Button","apps/web/src/features/personal/pomodoro-panel.tsx","344","pending","","pending"
"0ea657382e454c61","personal","PomodoroPanel","Button","apps/web/src/features/personal/pomodoro-panel.tsx","353","pending","","pending"
"35a0decb89ac8a49","personal","PomodoroPanel","IconButton","apps/web/src/features/personal/pomodoro-panel.tsx","358","pending","","pending"
"1ea5d168370662d9","personal","PomodoroPanel","IconButton","apps/web/src/features/personal/pomodoro-panel.tsx","366","pending","","pending"
"1c1a739f20098bf2","personal","PomodoroPanel","p","apps/web/src/features/personal/pomodoro-panel.tsx","380","pending","","pending"
"af09938c8e39fefe","personal","PomodoroPanel","Button","apps/web/src/features/personal/pomodoro-panel.tsx","383","pending","","pending"
"7cbe0ba54dd23e19","personal","PomodoroPanel","Button","apps/web/src/features/personal/pomodoro-panel.tsx","390","pending","","pending"
"318a2838e9b23534","personal","PomodoroPanel","StateView","apps/web/src/features/personal/pomodoro-panel.tsx","402","pending","","pending"
"ccb4bb59979dd336","personal","SessionLog","StateView","apps/web/src/features/personal/pomodoro-panel.tsx","485","pending","","pending"
"26edd9b5e298248d","personal","SessionLog","StateView","apps/web/src/features/personal/pomodoro-panel.tsx","499","pending","","pending"
"f810a627b61cb3ab","personal","SessionLog","StateView","apps/web/src/features/personal/pomodoro-panel.tsx","508","pending","","pending"
"5c893f1a1463e72a","personal","SessionLog","Button","apps/web/src/features/personal/pomodoro-panel.tsx","595","pending","","pending"
"97245e0e5423efbc","personal","NumberField","input","apps/web/src/features/personal/pomodoro-panel.tsx","632","pending","","pending"
"67d0fdcdb3995efa","personal","NumberField","span","apps/web/src/features/personal/pomodoro-panel.tsx","655","pending","","pending"
"3b4139df54d18b6d","personal","PomodoroWidget","Popover","apps/web/src/features/personal/pomodoro-widget.tsx","76","pending","","pending"
"7fd0af0b191dc90c","personal","PomodoroWidget","PopoverTrigger","apps/web/src/features/personal/pomodoro-widget.tsx","77","pending","","pending"
"a9b4ce9cf33a12f1","personal","PomodoroWidget","button","apps/web/src/features/personal/pomodoro-widget.tsx","78","pending","","pending"
"900aa1ee10218976","personal","PomodoroWidget","ProgressRing","apps/web/src/features/personal/pomodoro-widget.tsx","88","pending","","pending"
"b66fa78be5b8d869","personal","PomodoroWidget","PopoverContent","apps/web/src/features/personal/pomodoro-widget.tsx","106","pending","","pending"
"d73a36d71431311d","personal","PomodoroWidget","Button","apps/web/src/features/personal/pomodoro-widget.tsx","134","pending","","pending"
"34b0b529c1fee813","personal","PomodoroWidget","Button","apps/web/src/features/personal/pomodoro-widget.tsx","143","pending","","pending"
"96d35e287c3bc0fd","personal","PomodoroWidget","Button","apps/web/src/features/personal/pomodoro-widget.tsx","155","pending","","pending"
"488f57fdd1ea8637","personal","PomodoroWidget","Button","apps/web/src/features/personal/pomodoro-widget.tsx","164","pending","","pending"
"a99e39e839c0ac7a","personal","PomodoroWidget","IconButton","apps/web/src/features/personal/pomodoro-widget.tsx","169","pending","","pending"
"0141195b5211e868","personal","PomodoroWidget","IconButton","apps/web/src/features/personal/pomodoro-widget.tsx","176","pending","","pending"
"b09015c8601ce3ca","personal","PomodoroWidget","p","apps/web/src/features/personal/pomodoro-widget.tsx","190","pending","","pending"
"b5454efebe7497dc","personal","PomodoroWidget","Button","apps/web/src/features/personal/pomodoro-widget.tsx","193","pending","","pending"
"562968b62103adfc","personal","DateRangeFields","Input","apps/web/src/features/personal/sprints-view.tsx","95","pending","","pending"
"22b38e2f08fd267c","personal","DateRangeFields","Input","apps/web/src/features/personal/sprints-view.tsx","106","pending","","pending"
"edb0741c1be8bf77","personal","PlanPanelBody","Textarea","apps/web/src/features/personal/sprints-view.tsx","211","pending","","pending"
"2066dd91ca216727","personal","SprintsView","StateView","apps/web/src/features/personal/sprints-view.tsx","260","pending","","pending"
"cbd02b8d3fb2b44c","personal","SprintsView","StateView","apps/web/src/features/personal/sprints-view.tsx","264","pending","","pending"
"e552c69e907a3682","personal","SprintsView","StateView","apps/web/src/features/personal/sprints-view.tsx","274","pending","","pending"
"f38787a46aad78d5","personal","SprintsView","SparkleButton","apps/web/src/features/personal/sprints-view.tsx","545","pending","","pending"
"3dea6e1fad69cd83","personal","SprintsView","Dialog","apps/web/src/features/personal/sprints-view.tsx","552","pending","","pending"
"3bcd6499bde7f9fe","personal","SprintsView","DialogTrigger","apps/web/src/features/personal/sprints-view.tsx","553","pending","","pending"
"d2386c3f4bdada0f","personal","SprintsView","Button","apps/web/src/features/personal/sprints-view.tsx","554","pending","","pending"
"d0118002a6a3d51d","personal","SprintsView","DialogContent","apps/web/src/features/personal/sprints-view.tsx","559","pending","","pending"
"2bab057bf9a9ec37","personal","SprintsView","form","apps/web/src/features/personal/sprints-view.tsx","560","pending","","pending"
"8cad224b679e45d3","personal","SprintsView","Button","apps/web/src/features/personal/sprints-view.tsx","563","pending","","pending"
"371771abbb2866de","personal","SprintsView","Input","apps/web/src/features/personal/sprints-view.tsx","579","pending","","pending"
"3a3e730537ea2af0","personal","SprintsView","p","apps/web/src/features/personal/sprints-view.tsx","597","pending","","pending"
"24c6f62a24d46f43","personal","SprintsView","Button","apps/web/src/features/personal/sprints-view.tsx","601","pending","","pending"
"7c179dfa0ea09cd8","personal","SprintsView","StateView","apps/web/src/features/personal/sprints-view.tsx","637","pending","","pending"
"e94bf7bb220c7777","personal","SprintsView","Card","apps/web/src/features/personal/sprints-view.tsx","657","pending","","pending"
"deb8ad1f17211d22","personal","SprintsView","ProgressRing","apps/web/src/features/personal/sprints-view.tsx","660","pending","","pending"
"5c18cb3a4afd48a5","personal","SprintsView","Button","apps/web/src/features/personal/sprints-view.tsx","694","pending","","pending"
"0f9a4a3c1d17dfd0","personal","SprintsView","SparkleButton","apps/web/src/features/personal/sprints-view.tsx","703","pending","","pending"
"4d4445db148c49f0","personal","SprintsView","Button","apps/web/src/features/personal/sprints-view.tsx","710","pending","","pending"
"701c0c9da0549336","personal","SprintsView","Button","apps/web/src/features/personal/sprints-view.tsx","721","pending","","pending"
"4f912146b188b9b8","personal","SprintsView","Dialog","apps/web/src/features/personal/sprints-view.tsx","774","pending","","pending"
"6bfefb829cc7d09c","personal","SprintsView","DialogContent","apps/web/src/features/personal/sprints-view.tsx","780","pending","","pending"
"c1a4a4d934738c3e","personal","SprintsView","form","apps/web/src/features/personal/sprints-view.tsx","781","pending","","pending"
"f777c90b3b319c6c","personal","SprintsView","Input","apps/web/src/features/personal/sprints-view.tsx","784","pending","","pending"
"fe2c25ea82419d22","personal","SprintsView","p","apps/web/src/features/personal/sprints-view.tsx","799","pending","","pending"
"8c44f4450883b66e","personal","SprintsView","p","apps/web/src/features/personal/sprints-view.tsx","804","pending","","pending"
"0febb5850a968139","personal","SprintsView","Button","apps/web/src/features/personal/sprints-view.tsx","808","pending","","pending"
"a2493c4a5b5ad0bc","personal","SprintsView","details","apps/web/src/features/personal/sprints-view.tsx","816","pending","","pending"
"b900b48418408818","personal","SprintsView","summary","apps/web/src/features/personal/sprints-view.tsx","817","pending","","pending"
"837b082bee866325","personal","CatchUpPanelBody","Textarea","apps/web/src/features/personal/sprints-view.tsx","864","pending","","pending"
"94e8a67a4aedb5df","personal","TaskRow","button","apps/web/src/features/personal/task-row.tsx","135","pending","","pending"
"d8f8b0381d8d5635","personal","TaskRow","Checkbox","apps/web/src/features/personal/task-row.tsx","151","pending","","pending"
"e8cd1dca2e37f23b","personal","TaskRow","input","apps/web/src/features/personal/task-row.tsx","160","pending","","pending"
"8fff8bc653cf378b","personal","TaskRow","SparkleButton","apps/web/src/features/personal/task-row.tsx","237","pending","","pending"
"d937557f69162c41","personal","TaskRow","IconButton","apps/web/src/features/personal/task-row.tsx","244","pending","","pending"
"9703c2b9cb8544d1","personal","TaskRow","IconButton","apps/web/src/features/personal/task-row.tsx","252","pending","","pending"
"6130d9b8e573179c","personal","TaskRow","IconButton","apps/web/src/features/personal/task-row.tsx","260","pending","","pending"
"e07255a747da8eb9","personal","TaskRow","p","apps/web/src/features/personal/task-row.tsx","271","pending","","pending"
"d1dde1d85b3fbe50","personal","TaskRow","Button","apps/web/src/features/personal/task-row.tsx","285","pending","","pending"
"5edfbba0208eb188","personal","TasksView","StateView","apps/web/src/features/personal/tasks-view.tsx","100","pending","","pending"
"8eae110e49b9a49c","personal","TasksView","StateView","apps/web/src/features/personal/tasks-view.tsx","104","pending","","pending"
"7bd16823d60da548","personal","TasksView","Card","apps/web/src/features/personal/tasks-view.tsx","348","pending","","pending"
"cb45249ea192faa4","personal","TasksView","form","apps/web/src/features/personal/tasks-view.tsx","455","pending","","pending"
"6e6186b36d679d02","personal","TasksView","Input","apps/web/src/features/personal/tasks-view.tsx","463","pending","","pending"
"2555ad60a1cff542","personal","TasksView","SparkleButton","apps/web/src/features/personal/tasks-view.tsx","475","pending","","pending"
"68abb46c420e6b2e","personal","SubtaskPanelBody","Textarea","apps/web/src/features/personal/tasks-view.tsx","537","pending","","pending"
"9bab7ea288320a8c","personal","PrivacyNote","IconButton","apps/web/src/features/personal/today-view.tsx","67","pending","","pending"
"9289d430065876b8","personal","RolloverBanner","Button","apps/web/src/features/personal/today-view.tsx","98","pending","","pending"
"13c88a0fbebf9f71","personal","SprintHero","Card","apps/web/src/features/personal/today-view.tsx","132","pending","","pending"
"13b0f2b710d8fab1","personal","SprintHero","ProgressRing","apps/web/src/features/personal/today-view.tsx","133","pending","","pending"
"444483887bc8e8d0","personal","TodayView","StateView","apps/web/src/features/personal/today-view.tsx","235","pending","","pending"
"b3194e7fef787b03","personal","TodayView","StateView","apps/web/src/features/personal/today-view.tsx","239","pending","","pending"
"6c1461d269269998","personal","TodayView","StateView","apps/web/src/features/personal/today-view.tsx","329","pending","","pending"
"b7c21143a0f5cda2","personal","TodayView","Checkbox","apps/web/src/features/personal/today-view.tsx","358","pending","","pending"
"f6b0e62222c04439","personal","TodayView","Button","apps/web/src/features/personal/today-view.tsx","390","pending","","pending"
"8ec7ac85f2073347","personal","TodayView","form","apps/web/src/features/personal/today-view.tsx","408","pending","","pending"
"806699007b4d7326","personal","TodayView","Input","apps/web/src/features/personal/today-view.tsx","416","pending","","pending"
"df3172e71ace3058","personal","TodayView","SparkleButton","apps/web/src/features/personal/today-view.tsx","423","pending","","pending"
"a62da567f5774724","projects","ConvertProjectDialog","Dialog","apps/web/src/features/projects/components/convert-project-dialog.tsx","32","partial-bounded-evidence","visual_controls:conversion","pending"
"5cffde10e90d1f30","projects","ConvertProjectDialog","DialogTrigger","apps/web/src/features/projects/components/convert-project-dialog.tsx","38","pending","","pending"
"c405569d389a1569","projects","ConvertProjectDialog","Button","apps/web/src/features/projects/components/convert-project-dialog.tsx","39","pending","","pending"
"0a05dd51a43669e6","projects","ConvertProjectDialog","DialogContent","apps/web/src/features/projects/components/convert-project-dialog.tsx","50","pending","","pending"
"ff829a32b6ab8fab","projects","ConvertProjectDialog","Checkbox","apps/web/src/features/projects/components/convert-project-dialog.tsx","60","partial-bounded-evidence","visual_controls:conversion","pending"
"1e0c6e7528e7fbc1","projects","ConvertProjectDialog","p","apps/web/src/features/projects/components/convert-project-dialog.tsx","82","pending","","pending"
"b58afcb08de8b826","projects","ConvertProjectDialog","Button","apps/web/src/features/projects/components/convert-project-dialog.tsx","86","pending","","pending"
"6513a67e36e91f81","projects","CreateProjectDialog","Dialog","apps/web/src/features/projects/components/create-project-dialog.tsx","121","pending","","pending"
"e15ba4c127af0b62","projects","CreateProjectDialog","DialogTrigger","apps/web/src/features/projects/components/create-project-dialog.tsx","127","pending","","pending"
"5eab85b3fcc1f431","projects","CreateProjectDialog","Button","apps/web/src/features/projects/components/create-project-dialog.tsx","128","pending","","pending"
"441eb7b30c97fc5e","projects","CreateProjectDialog","DialogContent","apps/web/src/features/projects/components/create-project-dialog.tsx","130","pending","","pending"
"147c8a78e2e458ea","projects","CreateProjectDialog","Button","apps/web/src/features/projects/components/create-project-dialog.tsx","133","pending","","pending"
"77e930a291fc77b4","projects","CreateProjectDialog","Button","apps/web/src/features/projects/components/create-project-dialog.tsx","141","partial-bounded-evidence","visual_controls:gallery","pending"
"f3fe06415efd7ea5","projects","CreateProjectDialog","Button","apps/web/src/features/projects/components/create-project-dialog.tsx","149","pending","","pending"
"a44c5d9c4953bb0f","projects","CreateProjectDialog","select","apps/web/src/features/projects/components/create-project-dialog.tsx","163","pending","","pending"
"fb30aa3a6807baf6","projects","CreateProjectDialog","select","apps/web/src/features/projects/components/create-project-dialog.tsx","182","partial-bounded-evidence","visual_controls:gallery","pending"
"a571e69f0b90e1ed","projects","CreateProjectDialog","Input","apps/web/src/features/projects/components/create-project-dialog.tsx","203","partial-bounded-evidence","visual_controls:gallery","pending"
"80d4a5283011a593","projects","CreateProjectDialog","select","apps/web/src/features/projects/components/create-project-dialog.tsx","215","pending","","pending"
"251ec92e346f6f0e","projects","CreateProjectDialog","Checkbox","apps/web/src/features/projects/components/create-project-dialog.tsx","239","pending","","pending"
"5b80ef058fe6bdd2","projects","CreateProjectDialog","Button","apps/web/src/features/projects/components/create-project-dialog.tsx","250","partial-bounded-evidence","visual_controls:gallery","pending"
"a55bd9398fee7270","projects","EditProjectDialog","Dialog","apps/web/src/features/projects/components/edit-project-dialog.tsx","25","partial-bounded-evidence","visual_controls:projectEdit","pending"
"14a9db278ad5df8d","projects","EditProjectDialog","DialogTrigger","apps/web/src/features/projects/components/edit-project-dialog.tsx","31","pending","","pending"
"152fc0ca923cff11","projects","EditProjectDialog","Button","apps/web/src/features/projects/components/edit-project-dialog.tsx","32","partial-bounded-evidence","visual_controls:projectEdit","pending"
"0af3d64c88099d07","projects","EditProjectDialog","DialogContent","apps/web/src/features/projects/components/edit-project-dialog.tsx","36","pending","","pending"
"a185bd175423a9bc","projects","ProjectForm","form","apps/web/src/features/projects/components/edit-project-dialog.tsx","79","pending","","pending"
"efd57a973e2c734c","projects","ProjectForm","Input","apps/web/src/features/projects/components/edit-project-dialog.tsx","108","partial-bounded-evidence","visual_controls:projectEdit","pending"
"2c553089d65d2e41","projects","ProjectForm","Textarea","apps/web/src/features/projects/components/edit-project-dialog.tsx","117","partial-bounded-evidence","visual_controls:projectEdit","pending"
"315485d502760f44","projects","ProjectForm","select","apps/web/src/features/projects/components/edit-project-dialog.tsx","126","pending","","pending"
"504ee02abb539647","projects","ProjectForm","select","apps/web/src/features/projects/components/edit-project-dialog.tsx","141","partial-bounded-evidence","visual_controls:projectEdit","pending"
"191abade0c618ba4","projects","ProjectForm","Input","apps/web/src/features/projects/components/edit-project-dialog.tsx","155","partial-bounded-evidence","visual_controls:projectEdit","pending"
"14cd5bd1838e027d","projects","ProjectForm","Input","apps/web/src/features/projects/components/edit-project-dialog.tsx","164","partial-bounded-evidence","visual_controls:projectEdit","pending"
"2c658790bcb3c475","projects","ProjectForm","Input","apps/web/src/features/projects/components/edit-project-dialog.tsx","173","partial-bounded-evidence","visual_controls:projectEdit","pending"
"2413e037e31b05bf","projects","ProjectForm","Checkbox","apps/web/src/features/projects/components/edit-project-dialog.tsx","182","partial-bounded-evidence","visual_controls:projectEdit","pending"
"cec72a5c56de515b","projects","ProjectForm","p","apps/web/src/features/projects/components/edit-project-dialog.tsx","197","pending","","pending"
"1ba5de33b6ab2b5c","projects","ProjectForm","Button","apps/web/src/features/projects/components/edit-project-dialog.tsx","205","partial-bounded-evidence","visual_controls:projectEdit","pending"
"cf887bcd699d0429","projects","MilestoneActions","Dialog","apps/web/src/features/projects/components/milestone-actions.tsx","60","pending","","pending"
"230db50453fb9f31","projects","MilestoneActions","DialogTrigger","apps/web/src/features/projects/components/milestone-actions.tsx","61","pending","","pending"
"7db6eecd1afb1601","projects","MilestoneActions","IconButton","apps/web/src/features/projects/components/milestone-actions.tsx","62","partial-bounded-evidence","visual_controls:milestone","pending"
"5cb80d84ee134ebb","projects","MilestoneActions","DialogContent","apps/web/src/features/projects/components/milestone-actions.tsx","74","pending","","pending"
"3f498eff4721edb1","projects","MilestoneActions","form","apps/web/src/features/projects/components/milestone-actions.tsx","83","pending","","pending"
"ae4c3e16579ac43a","projects","MilestoneActions","Input","apps/web/src/features/projects/components/milestone-actions.tsx","98","partial-bounded-evidence","visual_controls:milestone","pending"
"e2273c38e0abdc93","projects","MilestoneActions","Input","apps/web/src/features/projects/components/milestone-actions.tsx","108","partial-bounded-evidence","visual_controls:lifecycle","pending"
"bd1672bfa3c789dd","projects","MilestoneActions","Button","apps/web/src/features/projects/components/milestone-actions.tsx","116","partial-bounded-evidence","visual_controls:lifecycle","pending"
"e07d257a4960e184","projects","MilestoneActions","Button","apps/web/src/features/projects/components/milestone-actions.tsx","124","partial-bounded-evidence","visual_controls:milestone","pending"
"35d833a4b4ab83c4","projects","TaskRow","Checkbox","apps/web/src/features/projects/components/project-page-screen.tsx","78","pending","","pending"
"50316ffef0b02bd5","projects","TaskRow","button","apps/web/src/features/projects/components/project-page-screen.tsx","91","pending","","pending"
"fc772af5f5bf31bd","projects","ProjectPageScreen","StateView","apps/web/src/features/projects/components/project-page-screen.tsx","158","pending","","pending"
"5a66e7c9579593ce","projects","ProjectPageScreen","StateView","apps/web/src/features/projects/components/project-page-screen.tsx","165","pending","","pending"
"ac50fcdf83d995c7","projects","ProjectPageScreen","ProgressRing","apps/web/src/features/projects/components/project-page-screen.tsx","365","pending","","pending"
"7b13ea8380aa3851","projects","ProjectPageScreen","SparkleButton","apps/web/src/features/projects/components/project-page-screen.tsx","416","pending","","pending"
"e4148b4153417274","projects","ProjectPageScreen","Checkbox","apps/web/src/features/projects/components/project-page-screen.tsx","468","partial-bounded-evidence","visual_controls:milestone","pending"
"b699768ba6107d5e","projects","ProjectPageScreen","Input","apps/web/src/features/projects/components/project-page-screen.tsx","531","partial-bounded-evidence","visual_controls:lifecycle","pending"
"52cabad6bbe4020e","projects","ProjectPageScreen","Button","apps/web/src/features/projects/components/project-page-screen.tsx","539","pending","","pending"
"f287a75376f22752","projects","ProjectPageScreen","Tabs","apps/web/src/features/projects/components/project-page-screen.tsx","558","pending","","pending"
"a0744079f64fd228","projects","ProjectPageScreen","TabsList","apps/web/src/features/projects/components/project-page-screen.tsx","559","pending","","pending"
"6a278c304b03adb3","projects","ProjectPageScreen","TabsTrigger","apps/web/src/features/projects/components/project-page-screen.tsx","560","pending","","pending"
"3ad375b307b0eb7e","projects","ProjectPageScreen","TabsTrigger","apps/web/src/features/projects/components/project-page-screen.tsx","563","pending","","pending"
"a31601797d0f3751","projects","ProjectPageScreen","TabsContent","apps/web/src/features/projects/components/project-page-screen.tsx","568","pending","","pending"
"3df81e7aee4c6e02","projects","ProjectPageScreen","SparkleButton","apps/web/src/features/projects/components/project-page-screen.tsx","576","pending","","pending"
"b0262def338b9104","projects","ProjectPageScreen","StateView","apps/web/src/features/projects/components/project-page-screen.tsx","585","pending","","pending"
"8443d1fb93e7ab47","projects","ProjectPageScreen","form","apps/web/src/features/projects/components/project-page-screen.tsx","601","pending","","pending"
"6637bcc20f36c35a","projects","ProjectPageScreen","Input","apps/web/src/features/projects/components/project-page-screen.tsx","619","pending","","pending"
"ee1808d7079cd1c1","projects","ProjectPageScreen","Button","apps/web/src/features/projects/components/project-page-screen.tsx","625","pending","","pending"
"ffc53052cfae20c1","projects","ProjectPageScreen","TabsContent","apps/web/src/features/projects/components/project-page-screen.tsx","669","pending","","pending"
"f8e1004a5aec4839","projects","ProjectPageScreen","Button","apps/web/src/features/projects/components/project-page-screen.tsx","720","partial-bounded-evidence","visual_controls:lifecycle","pending"
"325be03a3548cdd8","projects","ProjectPageScreen","Button","apps/web/src/features/projects/components/project-page-screen.tsx","734","pending","","pending"
"a77072e2528ac7d8","projects","SubjectiveAddRow","form","apps/web/src/features/projects/components/project-page-screen.tsx","777","pending","","pending"
"e7bef1af2ad46b51","projects","SubjectiveAddRow","Input","apps/web/src/features/projects/components/project-page-screen.tsx","795","pending","","pending"
"fde487c7d9964277","projects","SubjectiveAddRow","Button","apps/web/src/features/projects/components/project-page-screen.tsx","801","pending","","pending"
"b3a523327d0c8333","projects","ProjectTile","ProgressRing","apps/web/src/features/projects/components/project-tile.tsx","69","pending","","pending"
"57f292f3b8d4b4a6","projects","ProjectsListScreen","StateView","apps/web/src/features/projects/components/projects-list-screen.tsx","31","pending","","pending"
"91f2190f6e886b8d","projects","ProjectsListScreen","StateView","apps/web/src/features/projects/components/projects-list-screen.tsx","39","pending","","pending"
"9f956c58153cc048","structure","DepartmentHeader","DropdownMenu","apps/web/src/features/structure/department-header.tsx","38","pending","","pending"
"732342ac8324af46","structure","DepartmentHeader","DropdownMenuTrigger","apps/web/src/features/structure/department-header.tsx","39","pending","","pending"
"07a7f984d35ac738","structure","DepartmentHeader","Button","apps/web/src/features/structure/department-header.tsx","40","pending","","pending"
"98b3c041b4d49be3","structure","DepartmentHeader","DropdownMenuContent","apps/web/src/features/structure/department-header.tsx","45","pending","","pending"
"6e08d435ba5ad125","structure","DepartmentHeader","DropdownMenuItem","apps/web/src/features/structure/department-header.tsx","47","pending","","pending"
"20eb3ca22923cd4a","structure","MemberCard","FilterChip","apps/web/src/features/structure/member-card.tsx","179","pending","","pending"
"bfad58ac606e145e","structure","MemberCard","HoverCard","apps/web/src/features/structure/member-card.tsx","203","pending","","pending"
"6028efabd1fd7a23","structure","MemberCard","HoverCardTrigger","apps/web/src/features/structure/member-card.tsx","204","pending","","pending"
"2b240aeb3f53cb8a","structure","MemberCard","HoverCardContent","apps/web/src/features/structure/member-card.tsx","205","pending","","pending"
"944f0aa598e97c99","structure","MemberCard","Button","apps/web/src/features/structure/member-card.tsx","254","pending","","pending"
"aee8ed17a2eef9a1","structure","MemberCard","Button","apps/web/src/features/structure/member-card.tsx","260","pending","","pending"
"6c5b52b528a1d950","structure","MemberCard","Button","apps/web/src/features/structure/member-card.tsx","265","pending","","pending"
"c045fbf43a225444","structure","MemberCard","Button","apps/web/src/features/structure/member-card.tsx","276","pending","","pending"
"1da95474031c7c55","structure","MemberCard","a","apps/web/src/features/structure/member-card.tsx","277","pending","","pending"
"42b1e9a971447a49","structure","MemberCard","Button","apps/web/src/features/structure/member-card.tsx","283","pending","","pending"
"cc36ad4bf9647fbd","structure","OrgChart","IconButton","apps/web/src/features/structure/org-chart.tsx","423","pending","","pending"
"36a449cebb81e4b7","structure","OrgChart","IconButton","apps/web/src/features/structure/org-chart.tsx","433","pending","","pending"
"8a96d22c25d7c4a1","structure","OrgChart","IconButton","apps/web/src/features/structure/org-chart.tsx","440","pending","","pending"
"3ec49a4a1f3e11b5","structure","OrgChart","Button","apps/web/src/features/structure/org-chart.tsx","444","partial-bounded-evidence","visual_controls:org","pending"
"b42dac5a53fb3891","structure","OrgChart","div","apps/web/src/features/structure/org-chart.tsx","452","pending","","pending"
"61074342d2d13497","structure","OrgChart","svg","apps/web/src/features/structure/org-chart.tsx","469","partial-bounded-evidence","visual_controls:org","pending"
"dc204369ab32e411","structure","OrgChart","g","apps/web/src/features/structure/org-chart.tsx","525","partial-bounded-evidence","visual_controls:org","pending"
"a2c7128345e5f239","structure","OrgChart","Sheet","apps/web/src/features/structure/org-chart.tsx","659","partial-bounded-evidence","visual_controls:org","pending"
"656e926691029a5a","structure","OrgChart","SheetContent","apps/web/src/features/structure/org-chart.tsx","664","pending","","pending"
"0f62f0b2050ec075","structure","OrgChart","IconButton","apps/web/src/features/structure/org-chart.tsx","694","partial-bounded-evidence","visual_controls:org","pending"
"63f38e3cf63038ca","structure","PeopleScreen","ForcedStateBlock","apps/web/src/features/structure/people-screen.tsx","221","pending","","pending"
"4fb38cc5e806b58c","structure","PeopleScreen","StateView","apps/web/src/features/structure/people-screen.tsx","230","pending","","pending"
"c057480810696d3c","structure","PeopleScreen","StateView","apps/web/src/features/structure/people-screen.tsx","250","pending","","pending"
"68d99cad44b8c5e0","structure","PeopleScreen","StateView","apps/web/src/features/structure/people-screen.tsx","259","pending","","pending"
"317611ac698ae578","structure","PeopleScreen","StateView","apps/web/src/features/structure/people-screen.tsx","264","pending","","pending"
"3deefbe93a42e5c4","structure","PeopleScreen","StateView","apps/web/src/features/structure/people-screen.tsx","274","pending","","pending"
"530cc79f43f0475e","structure","PeopleScreen","StateView","apps/web/src/features/structure/people-screen.tsx","284","pending","","pending"
"de30795ba97fa818","structure","PeopleScreen","StateView","apps/web/src/features/structure/people-screen.tsx","309","pending","","pending"
"c791edda6dd804c1","structure","PeopleScreen","StateView","apps/web/src/features/structure/people-screen.tsx","312","pending","","pending"
"6e076fb5528f8a48","structure","PeopleScreen","Input","apps/web/src/features/structure/people-screen.tsx","494","pending","","pending"
"0ffdd90d50f3261e","structure","PeopleScreen","SegmentedControl","apps/web/src/features/structure/people-screen.tsx","502","partial-bounded-evidence","event_regressions-head-scope:directory","pending"
"59e097bc08dba33e","structure","PeopleScreen","Button","apps/web/src/features/structure/people-screen.tsx","513","pending","","pending"
"4e903f7580c13634","structure","PeopleScreen","div","apps/web/src/features/structure/people-screen.tsx","520","pending","","pending"
"0d7c0f380a4712df","structure","PeopleScreen","FilterChip","apps/web/src/features/structure/people-screen.tsx","525","pending","","pending"
"52d73ab7f552c992","structure","PeopleScreen","FilterChip","apps/web/src/features/structure/people-screen.tsx","529","partial-bounded-evidence","event_regressions-head-scope:directory","pending"
"36bc397f8944a9ff","structure","PeopleScreen","QuickAssignSheet","apps/web/src/features/structure/people-screen.tsx","544","pending","","pending"
"9647fd5fad178f48","structure","DirectoryName","a","apps/web/src/features/structure/people-screen.tsx","593","pending","","pending"
"312a280bd926b960","structure","StructureScreen","ForcedStateBlock","apps/web/src/features/structure/structure-screen.tsx","154","pending","","pending"
"4b0a4d31f1f5b284","structure","StructureScreen","StateView","apps/web/src/features/structure/structure-screen.tsx","157","pending","","pending"
"2c825c2e9cd0b13c","structure","StructureScreen","StateView","apps/web/src/features/structure/structure-screen.tsx","166","pending","","pending"
"5e632f59a458e868","structure","StructureScreen","StateView","apps/web/src/features/structure/structure-screen.tsx","175","pending","","pending"
"000f921a6f7140e7","structure","StructureScreen","StateView","apps/web/src/features/structure/structure-screen.tsx","185","pending","","pending"
"12534b33b45b80e9","structure","StructureScreen","StateView","apps/web/src/features/structure/structure-screen.tsx","195","pending","","pending"
"82d154d943bd6aaa","structure","StructureScreen","StateView","apps/web/src/features/structure/structure-screen.tsx","270","pending","","pending"
"88418adc6cebaf23","structure","StructureScreen","TabsList","apps/web/src/features/structure/structure-screen.tsx","299","pending","","pending"
"5ee97ef78eaca14f","structure","StructureScreen","TabsTrigger","apps/web/src/features/structure/structure-screen.tsx","300","pending","","pending"
"14e7891e22c2749f","structure","StructureScreen","TabsTrigger","apps/web/src/features/structure/structure-screen.tsx","304","pending","","pending"
"aad2a98f611779f1","structure","StructureScreen","Tabs","apps/web/src/features/structure/structure-screen.tsx","312","pending","","pending"
"21fda636fc9d57c2","structure","StructureScreen","Button","apps/web/src/features/structure/structure-screen.tsx","320","pending","","pending"
"2312888831d54284","structure","StructureScreen","TabsContent","apps/web/src/features/structure/structure-screen.tsx","335","pending","","pending"
"65f8ce27fff9284e","structure","StructureScreen","Dialog","apps/web/src/features/structure/structure-screen.tsx","348","pending","","pending"
"f144e73a09f3fa41","structure","StructureScreen","DialogContent","apps/web/src/features/structure/structure-screen.tsx","349","pending","","pending"
"2a5547d2d97f7989","structure","StructureScreen","Button","apps/web/src/features/structure/structure-screen.tsx","357","pending","","pending"
"0a02f3b3132266c3","structure","StructureScreen","Button","apps/web/src/features/structure/structure-screen.tsx","359","pending","","pending"
"a539e0b679ada6ba","structure","AddUnitDialog","Dialog","apps/web/src/features/structure/structure-screen.tsx","443","pending","","pending"
"5d65628584148e6b","structure","AddUnitDialog","DialogContent","apps/web/src/features/structure/structure-screen.tsx","444","pending","","pending"
"4a2c3b0bc59e3317","structure","AddUnitDialog","Input","apps/web/src/features/structure/structure-screen.tsx","448","pending","","pending"
"ed7b71376e2e646f","structure","AddUnitDialog","Combobox","apps/web/src/features/structure/structure-screen.tsx","466","pending","","pending"
"067765d22b8cbf85","structure","AddUnitDialog","Button","apps/web/src/features/structure/structure-screen.tsx","481","pending","","pending"
"974cd6c83c9a4510","structure","AddUnitDialog","Button","apps/web/src/features/structure/structure-screen.tsx","483","pending","","pending"
"c2783136e94e8148","structure","AssignDialog","Dialog","apps/web/src/features/structure/structure-screen.tsx","521","pending","","pending"
"680e0f84e37cf059","structure","AssignDialog","DialogContent","apps/web/src/features/structure/structure-screen.tsx","522","pending","","pending"
"abd315c0946867a4","structure","AssignDialog","Combobox","apps/web/src/features/structure/structure-screen.tsx","528","pending","","pending"
"3d29a6ff55ab685f","structure","AssignDialog","RadioGroup","apps/web/src/features/structure/structure-screen.tsx","546","pending","","pending"
"e9086713a9bf4e1c","structure","AssignDialog","RadioOption","apps/web/src/features/structure/structure-screen.tsx","548","pending","","pending"
"c7fa60a170b2131a","structure","AssignDialog","Button","apps/web/src/features/structure/structure-screen.tsx","554","pending","","pending"
"fda6d95906eec420","structure","AssignDialog","Button","apps/web/src/features/structure/structure-screen.tsx","556","pending","","pending"
"1b3267930b2b106b","structure","UnitTree","DataList","apps/web/src/features/structure/unit-tree.tsx","118","pending","","pending"
"a091843bc8eaf797","structure","RoleChips","HoverCard","apps/web/src/features/structure/unit-tree.tsx","196","pending","","pending"
"2b3979c8140894de","structure","RoleChips","HoverCardTrigger","apps/web/src/features/structure/unit-tree.tsx","197","pending","","pending"
"30c09f4fe1a15e2f","structure","RoleChips","HoverCardContent","apps/web/src/features/structure/unit-tree.tsx","209","pending","","pending"
"e151d387e324136d","structure","RoleChips","Button","apps/web/src/features/structure/unit-tree.tsx","240","pending","","pending"
"73458618bb8e7f96","structure","RoleChips","Popover","apps/web/src/features/structure/unit-tree.tsx","257","pending","","pending"
"85aa7b2cf543e0b2","structure","RoleChips","PopoverTrigger","apps/web/src/features/structure/unit-tree.tsx","258","pending","","pending"
"38d3a3e5129b528f","structure","RoleChips","Button","apps/web/src/features/structure/unit-tree.tsx","259","pending","","pending"
"3fa1175c51cc36d3","structure","RoleChips","PopoverContent","apps/web/src/features/structure/unit-tree.tsx","264","pending","","pending"
"ca9de745e892aa46","structure","RoleChips","button","apps/web/src/features/structure/unit-tree.tsx","266","pending","","pending"
"e6f95e804f398a89","structure","RoleChips","Button","apps/web/src/features/structure/unit-tree.tsx","279","pending","","pending"
"b5fd691e72563427","structure","RoleChips","HoverCard","apps/web/src/features/structure/unit-tree.tsx","304","pending","","pending"
"4cdfbd59ec50a0d2","structure","RoleChips","HoverCardTrigger","apps/web/src/features/structure/unit-tree.tsx","305","pending","","pending"
"d2b66ca5f4ccfec5","structure","RoleChips","button","apps/web/src/features/structure/unit-tree.tsx","324","pending","","pending"
"9622edfd86fdcafb","structure","RoleChips","HoverCardContent","apps/web/src/features/structure/unit-tree.tsx","336","pending","","pending"
"d7dbb9b4dc4b6d3d","structure","RoleChips","Popover","apps/web/src/features/structure/unit-tree.tsx","359","pending","","pending"
"82230c8e459d7bab","structure","RoleChips","PopoverTrigger","apps/web/src/features/structure/unit-tree.tsx","360","pending","","pending"
"7ffde511e036161c","structure","RoleChips","Button","apps/web/src/features/structure/unit-tree.tsx","361","pending","","pending"
"4f35c2aad0d71081","structure","RoleChips","PopoverContent","apps/web/src/features/structure/unit-tree.tsx","366","pending","","pending"
"06937a94ef3a0860","structure","RoleChips","button","apps/web/src/features/structure/unit-tree.tsx","368","pending","","pending"
"4ee44ae95a04467c","structure","RoleChips","Button","apps/web/src/features/structure/unit-tree.tsx","381","pending","","pending"
"b004c5a03be2d275","structure","UnitRow","Popover","apps/web/src/features/structure/unit-tree.tsx","451","pending","","pending"
"e53b0d7291cdb180","structure","UnitRow","PopoverTrigger","apps/web/src/features/structure/unit-tree.tsx","452","pending","","pending"
"6b0a13e524484c3b","structure","UnitRow","button","apps/web/src/features/structure/unit-tree.tsx","453","pending","","pending"
"2e3e61bc2db8e266","structure","UnitRow","PopoverContent","apps/web/src/features/structure/unit-tree.tsx","464","pending","","pending"
"b14a393f88d01aa9","structure","UnitRow","button","apps/web/src/features/structure/unit-tree.tsx","467","pending","","pending"
"5eb5355f13714be8","structure","UnitRow","button","apps/web/src/features/structure/unit-tree.tsx","479","pending","","pending"
"d699f91137fcc528","structure","UnitRow","DataRow","apps/web/src/features/structure/unit-tree.tsx","501","pending","","pending"
"1dd20df626aa6967","structure","UnitRow","button","apps/web/src/features/structure/unit-tree.tsx","537","pending","","pending"
"a84d1ec115b2ff87","structure","UnitRow","DropdownMenu","apps/web/src/features/structure/unit-tree.tsx","603","pending","","pending"
"f824d320307ca4fb","structure","UnitRow","DropdownMenuTrigger","apps/web/src/features/structure/unit-tree.tsx","604","pending","","pending"
"3bc0d7e451f4a337","structure","UnitRow","IconButton","apps/web/src/features/structure/unit-tree.tsx","605","pending","","pending"
"f3e3918832eac237","structure","UnitRow","DropdownMenuContent","apps/web/src/features/structure/unit-tree.tsx","609","pending","","pending"
"cbaf227ab8f19f17","structure","UnitRow","DropdownMenuItem","apps/web/src/features/structure/unit-tree.tsx","610","pending","","pending"
"2dd60f4cd25b1c7b","structure","UnitRow","DropdownMenuItem","apps/web/src/features/structure/unit-tree.tsx","614","pending","","pending"
"eca181ced4035097","structure","UnitRow","DropdownMenuItem","apps/web/src/features/structure/unit-tree.tsx","623","pending","","pending"
"410b35ddb7e4a52e","structure","UnitRow","DropdownMenuItem","apps/web/src/features/structure/unit-tree.tsx","629","pending","","pending"
"3ef7f82de4bf824b","structure","UnitRow","DropdownMenuItem","apps/web/src/features/structure/unit-tree.tsx","634","pending","","pending"
"5972dfe78e2085c3","structure","UnitRow","Input","apps/web/src/features/structure/unit-tree.tsx","649","pending","","pending"
"033acae9d751d931","structure","UnitRow","button","apps/web/src/features/structure/unit-tree.tsx","664","pending","","pending"
"cd544ba766ba64b5","structure","UnitRow","Collapsible","apps/web/src/features/structure/unit-tree.tsx","692","pending","","pending"
"ed27504112ff0d3a","work","ArchiveScreen","StateView","apps/web/src/features/work/components/archive-screen.tsx","39","pending","","pending"
"a32aa5dde26b9853","work","ArchiveScreen","StateView","apps/web/src/features/work/components/archive-screen.tsx","48","pending","","pending"
"3c1e7180c9c0c2bd","work","ArchiveScreen","button","apps/web/src/features/work/components/archive-screen.tsx","58","pending","","pending"
"0437f641855878a6","work","ArchiveScreen","Button","apps/web/src/features/work/components/archive-screen.tsx","73","pending","","pending"
"fa31d0ad3eb972b9","work","ArchiveScreen","MemberPicker","apps/web/src/features/work/components/archive-screen.tsx","91","pending","","pending"
"2475e4df70e71b58","work","BoardColumn","IconButton","apps/web/src/features/work/components/board-column.tsx","170","pending","","pending"
"09468d6c39c3e6d6","work","BoardColumn","IconButton","apps/web/src/features/work/components/board-column.tsx","261","pending","","pending"
"a398e94779b21db1","work","BoardColumn","a","apps/web/src/features/work/components/board-column.tsx","275","pending","","pending"
"130dd4032e8a999a","work","BoardScreenInner","StateView","apps/web/src/features/work/components/board-screen.tsx","293","pending","","pending"
"86818fbcaec93b94","work","BoardScreenInner","StateView","apps/web/src/features/work/components/board-screen.tsx","306","pending","","pending"
"6ba034b607fff347","work","BoardScreenInner","SegmentedControl","apps/web/src/features/work/components/board-screen.tsx","403","partial-bounded-evidence","event_regressions-head-scope:assignment","pending"
"161d7c6f58592f62","work","BoardScreenInner","IconButton","apps/web/src/features/work/components/board-screen.tsx","418","pending","","pending"
"67b5666f183d39a9","work","BoardScreenInner","IconButton","apps/web/src/features/work/components/board-screen.tsx","433","pending","","pending"
"d960335c71a7e3a6","work","BoardRiskDigest","SparkleButton","apps/web/src/features/work/components/board-screen.tsx","693","pending","","pending"
"b616e8f5b5986b68","work","chip","button","apps/web/src/features/work/components/calendar-screen.tsx","85","pending","","pending"
"26652ed20e4e755e","work","DayCell","Collapsible","apps/web/src/features/work/components/calendar-screen.tsx","126","pending","","pending"
"c35f5fdae1255829","work","DayCell","button","apps/web/src/features/work/components/calendar-screen.tsx","129","pending","","pending"
"669ff6a84562939d","work","CalendarScreen","StateView","apps/web/src/features/work/components/calendar-screen.tsx","224","pending","","pending"
"5a92d4a115eeb715","work","CalendarScreen","IconButton","apps/web/src/features/work/components/calendar-screen.tsx","259","pending","","pending"
"1772d80937078f29","work","CalendarScreen","Button","apps/web/src/features/work/components/calendar-screen.tsx","262","pending","","pending"
"404a04b4d4198baa","work","CalendarScreen","IconButton","apps/web/src/features/work/components/calendar-screen.tsx","272","pending","","pending"
"a4c3f67e31de8b5d","work","CardAttachments","Button","apps/web/src/features/work/components/card-attachments.tsx","104","pending","","pending"
"80d73cafd12af267","work","CardAttachments","a","apps/web/src/features/work/components/card-attachments.tsx","114","pending","","pending"
"a177496da3d36622","work","CardAttachments","Button","apps/web/src/features/work/components/card-attachments.tsx","125","pending","","pending"
"4ad9520bdfe1fa8d","work","CardAttachments","Input","apps/web/src/features/work/components/card-attachments.tsx","141","pending","","pending"
"b14e3a5fe4086f52","work","CardAttachments","p","apps/web/src/features/work/components/card-attachments.tsx","155","pending","","pending"
"34b3695d051b5104","work","CardAttachments","Button","apps/web/src/features/work/components/card-attachments.tsx","160","pending","","pending"
"38cbdf5806f3ee4c","work","CardAttachments","p","apps/web/src/features/work/components/card-attachments.tsx","165","pending","","pending"
"016a23bed1ca0343","work","CardAttachments","p","apps/web/src/features/work/components/card-attachments.tsx","170","pending","","pending"
"abf7431339d553fd","work","CardAttachments","Button","apps/web/src/features/work/components/card-attachments.tsx","183","pending","","pending"
"e61cdcc19e4d6f7e","work","CardDetailContent","StateView","apps/web/src/features/work/components/card-detail.tsx","266","pending","","pending"
"8de628d7166e6c83","work","CardDetailContent","p","apps/web/src/features/work/components/card-detail.tsx","570","pending","","pending"
"67c3467aa2c0bc21","work","CardDetailContent","CardTitleField","apps/web/src/features/work/components/card-detail.tsx","579","pending","","pending"
"17b6dffd46b9a0ca","work","CardDetailContent","p","apps/web/src/features/work/components/card-detail.tsx","592","pending","","pending"
"e9825c75bcde6057","work","CardDetailContent","SparkleButton","apps/web/src/features/work/components/card-detail.tsx","609","pending","","pending"
"fa231330accf8372","work","CardDetailContent","Button","apps/web/src/features/work/components/card-detail.tsx","623","pending","","pending"
"054ae39e109deb65","work","CardDetailContent","Button","apps/web/src/features/work/components/card-detail.tsx","640","pending","","pending"
"4da8b66101572d3c","work","CardDetailContent","Button","apps/web/src/features/work/components/card-detail.tsx","648","pending","","pending"
"4ed3a3bea6d99f33","work","CardDetailContent","Button","apps/web/src/features/work/components/card-detail.tsx","652","pending","","pending"
"2a5714b93f7bada2","work","CardDetailContent","Button","apps/web/src/features/work/components/card-detail.tsx","661","pending","","pending"
"bef556ffd11b3f76","work","CardDetailContent","TranslateTargetPicker","apps/web/src/features/work/components/card-detail.tsx","708","pending","","pending"
"b2c7ea135c5a1daa","work","CardDetailContent","SparkleButton","apps/web/src/features/work/components/card-detail.tsx","714","pending","","pending"
"873434fe55a0f4d7","work","CardDetailContent","textarea","apps/web/src/features/work/components/card-detail.tsx","724","pending","","pending"
"a64f41ba6106def8","work","CardDetailContent","Chip","apps/web/src/features/work/components/card-detail.tsx","770","pending","","pending"
"ffb3169701e22a5e","work","CardDetailContent","MemberPicker","apps/web/src/features/work/components/card-detail.tsx","793","pending","","pending"
"c9c2d1ecb8bdd965","work","CardDetailContent","SparkleButton","apps/web/src/features/work/components/card-detail.tsx","821","pending","","pending"
"af73d445f51a5edf","work","CardDetailContent","MemberPicker","apps/web/src/features/work/components/card-detail.tsx","867","pending","","pending"
"dda5b7db48970072","work","CardDetailContent","Select","apps/web/src/features/work/components/card-detail.tsx","900","pending","","pending"
"2fa8a61fb02def71","work","CardDetailContent","DatePicker","apps/web/src/features/work/components/card-detail.tsx","921","pending","","pending"
"f34c8e61ecc9d527","work","CardDetailContent","DatePicker","apps/web/src/features/work/components/card-detail.tsx","941","pending","","pending"
"2eec5a8169e6cb8c","work","CardDetailContent","Button","apps/web/src/features/work/components/card-detail.tsx","961","pending","","pending"
"bca434df8b10390b","work","CardDetailContent","Chip","apps/web/src/features/work/components/card-detail.tsx","984","pending","","pending"
"81cdd2d0a7063d82","work","CardDetailContent","button","apps/web/src/features/work/components/card-detail.tsx","993","partial-bounded-evidence","visual_controls:labels","pending"
"8f3f9df9df4356b3","work","CardDetailContent","form","apps/web/src/features/work/components/card-detail.tsx","1015","pending","","pending"
"ea71dcbbede31c24","work","CardDetailContent","Input","apps/web/src/features/work/components/card-detail.tsx","1029","partial-bounded-evidence","visual_controls:labels","pending"
"2895eb408e0fab14","work","CardDetailContent","IconButton","apps/web/src/features/work/components/card-detail.tsx","1038","partial-bounded-evidence","visual_controls:labels","pending"
"351ce6590822c646","work","CardDetailContent","IconButton","apps/web/src/features/work/components/card-detail.tsx","1070","pending","","pending"
"d56385d29d4eb1da","work","CardDetailContent","Input","apps/web/src/features/work/components/card-detail.tsx","1082","pending","","pending"
"2dea9e477611c683","work","CardDetailContent","Button","apps/web/src/features/work/components/card-detail.tsx","1092","pending","","pending"
"1e177e1ca57a84b1","work","CardDetailContent","button","apps/web/src/features/work/components/card-detail.tsx","1145","pending","","pending"
"b99bc27ebad7c987","work","CardDetailContent","Collapsible","apps/web/src/features/work/components/card-detail.tsx","1162","pending","","pending"
"88a853117ab48ea1","work","Checklist","SparkleButton","apps/web/src/features/work/components/card-detail.tsx","1368","pending","","pending"
"133e9661a61572f4","work","Checklist","form","apps/web/src/features/work/components/card-detail.tsx","1381","pending","","pending"
"51025b16957aa3af","work","Checklist","Input","apps/web/src/features/work/components/card-detail.tsx","1395","pending","","pending"
"1ed9771f631e6eb7","work","Checklist","Button","apps/web/src/features/work/components/card-detail.tsx","1403","pending","","pending"
"1e7423bc16a0054d","work","Comments","SparkleButton","apps/web/src/features/work/components/card-detail.tsx","1593","pending","","pending"
"dccf012399a53c43","work","Comments","Input","apps/web/src/features/work/components/card-detail.tsx","1718","pending","","pending"
"3655341d28ad984f","work","Comments","SparkleButton","apps/web/src/features/work/components/card-detail.tsx","1727","pending","","pending"
"45ff6fe10e425b51","work","Comments","Button","apps/web/src/features/work/components/card-detail.tsx","1734","pending","","pending"
"49bf6a71e8a43d88","work","CardTitleField","textarea","apps/web/src/features/work/components/card-detail.tsx","1798","partial-bounded-evidence","visual_controls:title","pending"
"6fd19c7ab39286d7","work","CardLinkLabel","a","apps/web/src/features/work/components/card-link-label.tsx","6","pending","","pending"
"212e9d63557b63a4","work","CardPageScreen","StateView","apps/web/src/features/work/components/card-page-screen.tsx","29","pending","","pending"
"3da8efd538b396f3","work","CardPeekDialog","Dialog","apps/web/src/features/work/components/card-peek-dialog.tsx","24","pending","","pending"
"9900b26af73c32f5","work","CardPeekDialog","DialogContent","apps/web/src/features/work/components/card-peek-dialog.tsx","26","pending","","pending"
"d497e9f19119e1a3","work","Section","button","apps/web/src/features/work/components/card-plus-sections.tsx","41","partial-bounded-evidence","knowledge_nested-work:current-nested-visual","pending"
"e874d51f8ff52d1c","work","Section","Collapsible","apps/web/src/features/work/components/card-plus-sections.tsx","59","pending","","pending"
"e9049abd8bda2749","work","CardPlusSections","Chip","apps/web/src/features/work/components/card-plus-sections.tsx","100","pending","","pending"
"978ea09b5457e92b","work","CardPlusSections","Chip","apps/web/src/features/work/components/card-plus-sections.tsx","136","pending","","pending"
"9fe3ebc19f22f417","work","CardPlusSections","Chip","apps/web/src/features/work/components/card-plus-sections.tsx","138","pending","","pending"
"2881532d1b503864","work","CardPlusSections","Chip","apps/web/src/features/work/components/card-plus-sections.tsx","150","pending","","pending"
"a583528ac6397686","work","CardTemplateEditor","Dialog","apps/web/src/features/work/components/card-template-editor.tsx","78","pending","","pending"
"d90f3b6d15bc1988","work","CardTemplateEditor","DialogContent","apps/web/src/features/work/components/card-template-editor.tsx","84","partial-bounded-evidence","knowledge_nested-work:curation-visual","pending"
"3143ca789e1b6b19","work","CardTemplateEditor","form","apps/web/src/features/work/components/card-template-editor.tsx","96","pending","","pending"
"e81575e67b7f4320","work","CardTemplateEditor","Input","apps/web/src/features/work/components/card-template-editor.tsx","99","partial-bounded-evidence","knowledge_nested-work:curation","pending"
"1b25270c5208ce7a","work","CardTemplateEditor","Select","apps/web/src/features/work/components/card-template-editor.tsx","108","partial-bounded-evidence","knowledge_nested-work:curation","pending"
"942777f8a44f223b","work","CardTemplateEditor","Input","apps/web/src/features/work/components/card-template-editor.tsx","121","partial-bounded-evidence","knowledge_nested-work:curation","pending"
"a8c31aeec54bb83d","work","CardTemplateEditor","Textarea","apps/web/src/features/work/components/card-template-editor.tsx","134","partial-bounded-evidence","knowledge_nested-work:curation","pending"
"0a71a63e12e61a9e","work","CardTemplateEditor","p","apps/web/src/features/work/components/card-template-editor.tsx","143","partial-bounded-evidence","knowledge_nested-work:curation","pending"
"6e4498bb87311071","work","CardTemplateEditor","Button","apps/web/src/features/work/components/card-template-editor.tsx","148","partial-bounded-evidence","knowledge_nested-work:curation","pending"
"c178f06180a8f38b","work","CardTemplateEditor","Button","apps/web/src/features/work/components/card-template-editor.tsx","151","partial-bounded-evidence","knowledge_nested-work:curation","pending"
"0ae7215dfefc1200","work","CardTile","div","apps/web/src/features/work/components/card-tile.tsx","397","pending","","pending"
"e59c9f19feacf2b2","work","CardTile","Checkbox","apps/web/src/features/work/components/card-tile.tsx","438","partial-bounded-evidence","visual_controls:board","pending"
"63095f041adabd81","work","CardTile","button","apps/web/src/features/work/components/card-tile.tsx","452","pending","","pending"
"89d99de1433390ea","work","CardTile","Chip","apps/web/src/features/work/components/card-tile.tsx","475","pending","","pending"
"230394fbff0ce82e","work","CardTile","Chip","apps/web/src/features/work/components/card-tile.tsx","488","pending","","pending"
"971a1374754220c7","work","CardTile","Chip","apps/web/src/features/work/components/card-tile.tsx","499","partial-bounded-evidence","visual_controls:board","pending"
"7d66fec1a60d1f0c","work","CardTile","Chip","apps/web/src/features/work/components/card-tile.tsx","511","pending","","pending"
"9774384eb88106e9","work","CardTile","Chip","apps/web/src/features/work/components/card-tile.tsx","522","pending","","pending"
"809dff427c771270","work","CardTile","Chip","apps/web/src/features/work/components/card-tile.tsx","531","pending","","pending"
"99e61d97f7945a54","work","CardTile","Chip","apps/web/src/features/work/components/card-tile.tsx","540","pending","","pending"
"c2fec827fbac5b7e","work","MoveToMenu","DropdownMenu","apps/web/src/features/work/components/card-tile.tsx","677","pending","","pending"
"aae994b275b324f4","work","MoveToMenu","DropdownMenuTrigger","apps/web/src/features/work/components/card-tile.tsx","678","pending","","pending"
"17d0ca5dc96c0a43","work","MoveToMenu","IconButton","apps/web/src/features/work/components/card-tile.tsx","679","partial-bounded-evidence","visual_controls:board","pending"
"01564927cb60942e","work","MoveToMenu","DropdownMenuContent","apps/web/src/features/work/components/card-tile.tsx","688","pending","","pending"
"513cc617ea0ff2dc","work","MoveToMenu","DropdownMenuItem","apps/web/src/features/work/components/card-tile.tsx","695","pending","","pending"
"f0bcf2b5cada559e","work","MoveToMenu","DropdownMenuItem","apps/web/src/features/work/components/card-tile.tsx","703","pending","","pending"
"629a4d27b1c11da1","work","ChecklistRow","Checkbox","apps/web/src/features/work/components/checklist-row.tsx","43","pending","","pending"
"971ddd8fe73ffe79","work","ChecklistRow","form","apps/web/src/features/work/components/checklist-row.tsx","53","pending","","pending"
"13b089ec9c58fe8a","work","ChecklistRow","Input","apps/web/src/features/work/components/checklist-row.tsx","60","pending","","pending"
"9930572262dce8f9","work","ChecklistRow","IconButton","apps/web/src/features/work/components/checklist-row.tsx","74","pending","","pending"
"46736a0e1c8499e9","work","ChecklistRow","IconButton","apps/web/src/features/work/components/checklist-row.tsx","82","pending","","pending"
"5fc864855ab0e8ea","work","ChecklistRow","IconButton","apps/web/src/features/work/components/checklist-row.tsx","102","pending","","pending"
"f61cf16937a31b73","work","ChecklistRow","IconButton","apps/web/src/features/work/components/checklist-row.tsx","112","pending","","pending"
"ef11ecad93f7e8e9","work","DependencyRow","button","apps/web/src/features/work/components/dependencies-panel.tsx","60","partial-bounded-evidence","knowledge_nested-work:current-dependency","pending"
"fe6438611d01ea6c","work","DependencyRow","IconButton","apps/web/src/features/work/components/dependencies-panel.tsx","68","partial-bounded-evidence","knowledge_nested-work:current-dependency;knowledge_nested-work:current-nested-visual","pending"
"a0f11d45cddcbe22","work","DependenciesPanel","StateView","apps/web/src/features/work/components/dependencies-panel.tsx","190","partial-bounded-evidence","knowledge_nested-work:current-dependency","pending"
"740d32117114e1ac","work","DependenciesPanel","StateView","apps/web/src/features/work/components/dependencies-panel.tsx","232","partial-bounded-evidence","knowledge_nested-work:current-dependency","pending"
"f8f5123367db4585","work","DependenciesPanel","Combobox","apps/web/src/features/work/components/dependencies-panel.tsx","246","partial-bounded-evidence","knowledge_nested-work:current-dependency","pending"
"eb0043d85fb01043","work","DependenciesPanel","Button","apps/web/src/features/work/components/dependencies-panel.tsx","259","partial-bounded-evidence","knowledge_nested-work:current-dependency","pending"
"1aea0b2048d13422","work","DependenciesPanel","Button","apps/web/src/features/work/components/dependencies-panel.tsx","264","partial-bounded-evidence","knowledge_nested-work:current-dependency","pending"
"633b5e5deb7df8a8","work","DndAnnouncerProvider","div","apps/web/src/features/work/components/dnd-announcer.tsx","24","pending","","pending"
"3e11940a2f3e98ee","work","EstimateField","Input","apps/web/src/features/work/components/estimate-field.tsx","78","pending","","pending"
"2e15d1b4a9385935","work","FilterBar","FilterClauseChips","apps/web/src/features/work/components/filter-bar.tsx","67","pending","","pending"
"575f3b50ae9bf598","work","FilterBar","Popover","apps/web/src/features/work/components/filter-bar.tsx","69","pending","","pending"
"6d5fb3407753a9fc","work","FilterBar","PopoverTrigger","apps/web/src/features/work/components/filter-bar.tsx","70","pending","","pending"
"3411fc8b36025d77","work","FilterBar","Button","apps/web/src/features/work/components/filter-bar.tsx","71","pending","","pending"
"c9790852f12f79ee","work","FilterBar","PopoverContent","apps/web/src/features/work/components/filter-bar.tsx","76","pending","","pending"
"f702cb730205d1f8","work","FilterBar","Input","apps/web/src/features/work/components/filter-bar.tsx","79","pending","","pending"
"586fc8f5f8f5c5c9","work","FilterBar","Button","apps/web/src/features/work/components/filter-bar.tsx","88","pending","","pending"
"776464f1ec22b635","work","FilterBar","Button","apps/web/src/features/work/components/filter-bar.tsx","99","pending","","pending"
"fd5329073b8fc4b4","work","FilterBar","button","apps/web/src/features/work/components/filter-bar.tsx","129","pending","","pending"
"79580b65e10506eb","work","FilterBar","button","apps/web/src/features/work/components/filter-bar.tsx","142","pending","","pending"
"29ee8ce87b35c753","work","FilterBar","Input","apps/web/src/features/work/components/filter-bar.tsx","162","pending","","pending"
"e17f427c4f79ea26","work","FilterBar","Button","apps/web/src/features/work/components/filter-bar.tsx","175","pending","","pending"
"8d05f3d661d2c077","work","FilterBar","Button","apps/web/src/features/work/components/filter-bar.tsx","179","pending","","pending"
"c2cb974824ec2a9d","work","FilterPickList","Input","apps/web/src/features/work/components/filter-clause-chips.tsx","166","pending","","pending"
"7da533c2bcfae4b9","work","FilterPickList","button","apps/web/src/features/work/components/filter-clause-chips.tsx","178","pending","","pending"
"0fbe6ddbdbcd4a2a","work","AddFilterPopover","button","apps/web/src/features/work/components/filter-clause-chips.tsx","279","pending","","pending"
"b3f3491cce4d4bfb","work","AddFilterPopover","Popover","apps/web/src/features/work/components/filter-clause-chips.tsx","305","pending","","pending"
"81cc643deded0d13","work","AddFilterPopover","PopoverTrigger","apps/web/src/features/work/components/filter-clause-chips.tsx","312","pending","","pending"
"f017cbaf521fc17d","work","AddFilterPopover","FilterChip","apps/web/src/features/work/components/filter-clause-chips.tsx","313","pending","","pending"
"612cd4375740fb62","work","AddFilterPopover","PopoverContent","apps/web/src/features/work/components/filter-clause-chips.tsx","315","pending","","pending"
"2af6cc944590a470","work","AddFilterPopover","button","apps/web/src/features/work/components/filter-clause-chips.tsx","318","pending","","pending"
"b3395a30ebb3ab78","work","FilterClauseChips","FilterChip","apps/web/src/features/work/components/filter-clause-chips.tsx","371","pending","","pending"
"697409b0535d1eef","work","FilterClauseChips","FilterChip","apps/web/src/features/work/components/filter-clause-chips.tsx","382","pending","","pending"
"f3d3ceb12da03dbc","work","PinRow","button","apps/web/src/features/work/components/focus-list.tsx","63","pending","","pending"
"f9fb914bbace3cac","work","PinRow","IconButton","apps/web/src/features/work/components/focus-list.tsx","90","pending","","pending"
"86589c47a90bc9a7","work","PinRow","IconButton","apps/web/src/features/work/components/focus-list.tsx","98","pending","","pending"
"5b3d7553218860a8","work","PinRow","IconButton","apps/web/src/features/work/components/focus-list.tsx","106","pending","","pending"
"6fd2cc1753a9e092","work","FocusList","StateView","apps/web/src/features/work/components/focus-list.tsx","159","pending","","pending"
"fe4110486f941a84","work","FocusList","StateView","apps/web/src/features/work/components/focus-list.tsx","169","pending","","pending"
"fb18ab15140cd777","work","GoalCard","article","apps/web/src/features/work/components/goals-screen.tsx","145","partial-bounded-evidence","event_regressions-goals:functional","pending"
"07a8c63a38d155aa","work","GoalCard","IconButton","apps/web/src/features/work/components/goals-screen.tsx","161","partial-bounded-evidence","event_regressions-goals:visual","pending"
"0e1fcfcf5dc93620","work","GoalCard","IconButton","apps/web/src/features/work/components/goals-screen.tsx","168","partial-bounded-evidence","event_regressions-goals:functional","pending"
"c6fcdbe51f2de885","work","GoalCard","Progress","apps/web/src/features/work/components/goals-screen.tsx","219","partial-bounded-evidence","event_regressions-goals:functional","pending"
"56ddd87c82bf0d31","work","GoalCard","Chip","apps/web/src/features/work/components/goals-screen.tsx","235","partial-bounded-evidence","event_regressions-goals:visual","pending"
"0083a2bc7ecc7796","work","GoalCard","Chip","apps/web/src/features/work/components/goals-screen.tsx","238","partial-bounded-evidence","event_regressions-goals:visual","pending"
"b9eb28f29589863b","work","GoalCard","a","apps/web/src/features/work/components/goals-screen.tsx","243","partial-bounded-evidence","event_regressions-goals:functional","pending"
"82dd4bce5e1ac46e","work","GoalDialog","Dialog","apps/web/src/features/work/components/goals-screen.tsx","430","partial-bounded-evidence","event_regressions-goals:functional","pending"
"6e076e7a95af9399","work","GoalDialog","DialogContent","apps/web/src/features/work/components/goals-screen.tsx","431","partial-bounded-evidence","event_regressions-goals:visual","pending"
"b7a4de872f1677e7","work","GoalDialog","form","apps/web/src/features/work/components/goals-screen.tsx","439","partial-bounded-evidence","event_regressions-goals:functional","pending"
"abad914b26e7b5ff","work","GoalDialog","Input","apps/web/src/features/work/components/goals-screen.tsx","441","partial-bounded-evidence","event_regressions-goals:functional","pending"
"334d32c8e47ee6f0","work","GoalDialog","Textarea","apps/web/src/features/work/components/goals-screen.tsx","452","partial-bounded-evidence","event_regressions-goals:functional","pending"
"89306785dd520bae","work","GoalDialog","Select","apps/web/src/features/work/components/goals-screen.tsx","466","partial-bounded-evidence","event_regressions-goals:functional","pending"
"88478f7891469a17","work","GoalDialog","Input","apps/web/src/features/work/components/goals-screen.tsx","479","partial-bounded-evidence","event_regressions-goals:functional","pending"
"2053232846da2ddf","work","GoalDialog","p","apps/web/src/features/work/components/goals-screen.tsx","494","partial-bounded-evidence","event_regressions-goals:functional","pending"
"2114b200895da6d0","work","GoalDialog","Button","apps/web/src/features/work/components/goals-screen.tsx","497","partial-bounded-evidence","event_regressions-goals:functional","pending"
"5253b869c9a569f2","work","GoalDialog","Input","apps/web/src/features/work/components/goals-screen.tsx","513","partial-bounded-evidence","event_regressions-goals:functional","pending"
"1eacc2a2bce0828d","work","GoalDialog","Input","apps/web/src/features/work/components/goals-screen.tsx","523","partial-bounded-evidence","event_regressions-goals:functional","pending"
"26b4a925f65a03a8","work","GoalDialog","Button","apps/web/src/features/work/components/goals-screen.tsx","532","partial-bounded-evidence","event_regressions-goals:functional","pending"
"d5711bc165605412","work","GoalDialog","Button","apps/web/src/features/work/components/goals-screen.tsx","535","partial-bounded-evidence","event_regressions-goals:functional","pending"
"d3135f5cbcb8f9aa","work","GoalsScreen","StateView","apps/web/src/features/work/components/goals-screen.tsx","625","pending","","pending"
"b5bdf56f41b4dc56","work","GoalsScreen","StateView","apps/web/src/features/work/components/goals-screen.tsx","642","partial-bounded-evidence","event_regressions-goals:functional","pending"
"e30c86a3f9288edb","work","GoalsScreen","StateView","apps/web/src/features/work/components/goals-screen.tsx","651","partial-bounded-evidence","event_regressions-goals:functional","pending"
"3a21a1a208eaf75c","work","GoalsScreen","Button","apps/web/src/features/work/components/goals-screen.tsx","702","partial-bounded-evidence","event_regressions-goals:functional","pending"
"7d13a89c8487e662","work","MemberPicker","DropdownMenu","apps/web/src/features/work/components/member-picker.tsx","51","pending","","pending"
"145fa50be52f6250","work","MemberPicker","DropdownMenuTrigger","apps/web/src/features/work/components/member-picker.tsx","52","pending","","pending"
"1ae2bf7f379a1574","work","MemberPicker","Button","apps/web/src/features/work/components/member-picker.tsx","53","pending","","pending"
"af09f102891d4211","work","MemberPicker","DropdownMenuContent","apps/web/src/features/work/components/member-picker.tsx","82","pending","","pending"
"e32d19e1961bb226","work","MemberPicker","DropdownMenuItem","apps/web/src/features/work/components/member-picker.tsx","84","pending","","pending"
"324f12d37bed0389","work","MemberPicker","DropdownMenuItem","apps/web/src/features/work/components/member-picker.tsx","90","pending","","pending"
"6b9ded1439aa1485","work","MineRow","Checkbox","apps/web/src/features/work/components/mine-screen.tsx","46","pending","","pending"
"c8d00eea8adb4b24","work","MineRow","button","apps/web/src/features/work/components/mine-screen.tsx","55","pending","","pending"
"427eeb0e838ce00b","work","Group","button","apps/web/src/features/work/components/mine-screen.tsx","121","pending","","pending"
"147dbb0fec3a6229","work","Group","Collapsible","apps/web/src/features/work/components/mine-screen.tsx","136","pending","","pending"
"c482cdc11ca6d4fd","work","MineScreen","StateView","apps/web/src/features/work/components/mine-screen.tsx","190","pending","","pending"
"802128ea001bd75e","work","MineScreen","StateView","apps/web/src/features/work/components/mine-screen.tsx","198","pending","","pending"
"d83bfb466f4975e2","work","MultitaskToolbar","div","apps/web/src/features/work/components/multitask-toolbar.tsx","173","partial-bounded-evidence","knowledge_nested-work:current-nested-visual","pending"
"37a6fc451aa8f8b8","work","MultitaskToolbar","Button","apps/web/src/features/work/components/multitask-toolbar.tsx","185","pending","","pending"
"d8bb754aac0e91b6","work","MultitaskToolbar","IconButton","apps/web/src/features/work/components/multitask-toolbar.tsx","196","pending","","pending"
"6a443d22e854d552","work","MultitaskToolbar","DropdownMenu","apps/web/src/features/work/components/multitask-toolbar.tsx","213","pending","","pending"
"c70193c8bcf98657","work","MultitaskToolbar","DropdownMenuTrigger","apps/web/src/features/work/components/multitask-toolbar.tsx","214","pending","","pending"
"653e9272884d9373","work","MultitaskToolbar","Button","apps/web/src/features/work/components/multitask-toolbar.tsx","215","partial-bounded-evidence","knowledge_nested-work:bulk","pending"
"33d1dbf699fcd6f3","work","MultitaskToolbar","DropdownMenuContent","apps/web/src/features/work/components/multitask-toolbar.tsx","220","pending","","pending"
"7fed2ecfc2e50bcc","work","MultitaskToolbar","DropdownMenuItem","apps/web/src/features/work/components/multitask-toolbar.tsx","221","pending","","pending"
"447cd26dc09b49e7","work","MultitaskToolbar","DropdownMenuItem","apps/web/src/features/work/components/multitask-toolbar.tsx","228","pending","","pending"
"79bb884f214eb8f2","work","MultitaskToolbar","DropdownMenu","apps/web/src/features/work/components/multitask-toolbar.tsx","238","pending","","pending"
"8ee28bd804573807","work","MultitaskToolbar","DropdownMenuTrigger","apps/web/src/features/work/components/multitask-toolbar.tsx","239","pending","","pending"
"f6df1d36bc61caf8","work","MultitaskToolbar","Button","apps/web/src/features/work/components/multitask-toolbar.tsx","240","partial-bounded-evidence","knowledge_nested-work:bulk","pending"
"9de93d618ac324bc","work","MultitaskToolbar","DropdownMenuContent","apps/web/src/features/work/components/multitask-toolbar.tsx","245","pending","","pending"
"50b0818c7903de22","work","MultitaskToolbar","DropdownMenuItem","apps/web/src/features/work/components/multitask-toolbar.tsx","248","pending","","pending"
"ab54ed3c0a619d64","work","MultitaskToolbar","DropdownMenuItem","apps/web/src/features/work/components/multitask-toolbar.tsx","263","pending","","pending"
"9146290af1e8b41b","work","MultitaskToolbar","DropdownMenu","apps/web/src/features/work/components/multitask-toolbar.tsx","278","pending","","pending"
"0797bcfa518bc8be","work","MultitaskToolbar","DropdownMenuTrigger","apps/web/src/features/work/components/multitask-toolbar.tsx","279","pending","","pending"
"54548646bd1fd904","work","MultitaskToolbar","Button","apps/web/src/features/work/components/multitask-toolbar.tsx","280","partial-bounded-evidence","knowledge_nested-work:bulk","pending"
"c0193fb005b436a1","work","MultitaskToolbar","DropdownMenuContent","apps/web/src/features/work/components/multitask-toolbar.tsx","284","pending","","pending"
"066fe77ee60dd11f","work","MultitaskToolbar","DropdownMenuItem","apps/web/src/features/work/components/multitask-toolbar.tsx","286","pending","","pending"
"f4b603498df78768","work","MultitaskToolbar","DatePicker","apps/web/src/features/work/components/multitask-toolbar.tsx","299","partial-bounded-evidence","knowledge_nested-work:bulk","pending"
"ba00dd7cd98f19b0","work","MultitaskToolbar","DropdownMenu","apps/web/src/features/work/components/multitask-toolbar.tsx","313","pending","","pending"
"072be53c5c5d339d","work","MultitaskToolbar","DropdownMenuTrigger","apps/web/src/features/work/components/multitask-toolbar.tsx","314","pending","","pending"
"d895a8487ba8ba77","work","MultitaskToolbar","Button","apps/web/src/features/work/components/multitask-toolbar.tsx","315","partial-bounded-evidence","knowledge_nested-work:bulk","pending"
"4b4369dcddb295a4","work","MultitaskToolbar","DropdownMenuContent","apps/web/src/features/work/components/multitask-toolbar.tsx","320","pending","","pending"
"15ef8e34f32cb96b","work","MultitaskToolbar","form","apps/web/src/features/work/components/multitask-toolbar.tsx","321","pending","","pending"
"46700932953b28c1","work","MultitaskToolbar","Input","apps/web/src/features/work/components/multitask-toolbar.tsx","338","pending","","pending"
"30b86b249f00ad1c","work","MultitaskToolbar","Button","apps/web/src/features/work/components/multitask-toolbar.tsx","346","partial-bounded-evidence","knowledge_nested-work:bulk","pending"
"d2e64c522920809b","work","MultitaskToolbar","Button","apps/web/src/features/work/components/multitask-toolbar.tsx","349","partial-bounded-evidence","knowledge_nested-work:bulk","pending"
"9692bf70f34d2183","work","MultitaskToolbar","Button","apps/web/src/features/work/components/multitask-toolbar.tsx","366","partial-bounded-evidence","knowledge_nested-work:bulk","pending"
"d2625b278f3977c6","work","MultitaskToolbar","Button","apps/web/src/features/work/components/multitask-toolbar.tsx","376","partial-bounded-evidence","knowledge_nested-work:bulk","pending"
"a5507f0390550d95","work","MultitaskToolbar","Button","apps/web/src/features/work/components/multitask-toolbar.tsx","386","partial-bounded-evidence","knowledge_nested-work:bulk","pending"
"f42b6295491ae142","work","NewCardDialog","Dialog","apps/web/src/features/work/components/new-card-dialog.tsx","43","pending","","pending"
"3c706b16318ef967","work","NewCardDialog","DialogContent","apps/web/src/features/work/components/new-card-dialog.tsx","45","pending","","pending"
"6e7754f8b10fb979","work","NewCardDialog","form","apps/web/src/features/work/components/new-card-dialog.tsx","47","pending","","pending"
"f234de2c75353290","work","NewCardDialog","Input","apps/web/src/features/work/components/new-card-dialog.tsx","70","pending","","pending"
"9c225222f823761e","work","NewCardDialog","select","apps/web/src/features/work/components/new-card-dialog.tsx","80","partial-bounded-evidence","event_regressions-head-scope:assignment","pending"
"4b186c13bbbbd6d3","work","NewCardDialog","Input","apps/web/src/features/work/components/new-card-dialog.tsx","97","pending","","pending"
"719304e93e3ab8d5","work","NewCardDialog","p","apps/web/src/features/work/components/new-card-dialog.tsx","101","pending","","pending"
"042d4d2f1abc9003","work","NewCardDialog","Button","apps/web/src/features/work/components/new-card-dialog.tsx","105","partial-bounded-evidence","event_regressions-head-scope:assignment","pending"
"1d1438893c00958f","work","NewCardDialog","details","apps/web/src/features/work/components/new-card-dialog.tsx","114","pending","","pending"
"5a267c112696b449","work","NewCardDialog","summary","apps/web/src/features/work/components/new-card-dialog.tsx","115","pending","","pending"
"2053130213259ae4","work","QuickAddBar","Input","apps/web/src/features/work/components/quick-add-bar.tsx","224","pending","","pending"
"c674065b859ece3a","work","QuickAddBar","Button","apps/web/src/features/work/components/quick-add-bar.tsx","242","pending","","pending"
"c85a008b478bb03b","work","QuickAddBar","DropdownMenu","apps/web/src/features/work/components/quick-add-bar.tsx","252","pending","","pending"
"90a4b130f3c71edb","work","QuickAddBar","DropdownMenuTrigger","apps/web/src/features/work/components/quick-add-bar.tsx","253","pending","","pending"
"4885230c6f6feea6","work","QuickAddBar","IconButton","apps/web/src/features/work/components/quick-add-bar.tsx","254","pending","","pending"
"e15988a2d76bc4ad","work","QuickAddBar","DropdownMenuContent","apps/web/src/features/work/components/quick-add-bar.tsx","262","pending","","pending"
"e5657058198c4922","work","QuickAddBar","DropdownMenuItem","apps/web/src/features/work/components/quick-add-bar.tsx","266","pending","","pending"
"b036f321e6f64c05","work","QuickAddBar","SparkleButton","apps/web/src/features/work/components/quick-add-bar.tsx","296","pending","","pending"
"e53bae9d28ea7b79","work","RecurrenceField","Button","apps/web/src/features/work/components/recurrence-field.tsx","121","partial-bounded-evidence","knowledge_nested-work:recovery","pending"
"874a630f33217d6b","work","RecurrenceField","RadioGroup","apps/web/src/features/work/components/recurrence-field.tsx","144","partial-bounded-evidence","knowledge_nested-work:transitions","pending"
"875a31fd4cd1f2eb","work","RecurrenceField","RadioOption","apps/web/src/features/work/components/recurrence-field.tsx","151","pending","","pending"
"bff7612477d2ae69","work","RecurrenceField","RadioOption","apps/web/src/features/work/components/recurrence-field.tsx","156","pending","","pending"
"8655bfe68b0b84e3","work","RecurrenceField","Input","apps/web/src/features/work/components/recurrence-field.tsx","165","pending","","pending"
"d3d4ddb05b543138","work","RecurrenceField","Select","apps/web/src/features/work/components/recurrence-field.tsx","181","partial-bounded-evidence","knowledge_nested-work:recovery","pending"
"14971c20e8cd4fe1","work","RecurrenceField","button","apps/web/src/features/work/components/recurrence-field.tsx","203","partial-bounded-evidence","knowledge_nested-work:recovery","pending"
"8d25a0092e3b6466","work","RecurrenceField","Input","apps/web/src/features/work/components/recurrence-field.tsx","240","pending","","pending"
"4e83fb6fed0c0e46","work","RecurrenceField","Input","apps/web/src/features/work/components/recurrence-field.tsx","272","pending","","pending"
"70f471b163870e71","work","RecurrenceField","Input","apps/web/src/features/work/components/recurrence-field.tsx","285","pending","","pending"
"8fdf586374fc5fc9","work","RecurrenceField","Button","apps/web/src/features/work/components/recurrence-field.tsx","309","partial-bounded-evidence","knowledge_nested-work:recovery","pending"
"e5851335035b7042","work","RecurrenceField","Button","apps/web/src/features/work/components/recurrence-field.tsx","312","partial-bounded-evidence","knowledge_nested-work:recovery;knowledge_nested-work:current-nested-visual","pending"
"972c3c745e7fd24c","work","RemindersPanel","StateView","apps/web/src/features/work/components/reminders-panel.tsx","94","partial-bounded-evidence","knowledge_nested-work:recovery","pending"
"beb285d1311c4668","work","RemindersPanel","form","apps/web/src/features/work/components/reminders-panel.tsx","107","pending","","pending"
"7a4ede7475b4c981","work","RemindersPanel","Input","apps/web/src/features/work/components/reminders-panel.tsx","115","partial-bounded-evidence","knowledge_nested-work:curation","pending"
"f99fa976f06801d4","work","RemindersPanel","Input","apps/web/src/features/work/components/reminders-panel.tsx","130","partial-bounded-evidence","knowledge_nested-work:curation","pending"
"6cadc8db646ed0bc","work","RemindersPanel","Button","apps/web/src/features/work/components/reminders-panel.tsx","138","partial-bounded-evidence","knowledge_nested-work:transitions","pending"
"77e1fbaf9bd5a783","work","RemindersPanel","Chip","apps/web/src/features/work/components/reminders-panel.tsx","168","pending","","pending"
"10e6a77860655b6e","work","RemindersPanel","Chip","apps/web/src/features/work/components/reminders-panel.tsx","176","partial-bounded-evidence","knowledge_nested-work:transitions","pending"
"09a64ccc8340e3a9","work","RemindersPanel","IconButton","apps/web/src/features/work/components/reminders-panel.tsx","179","partial-bounded-evidence","knowledge_nested-work:transitions;knowledge_nested-work:current-nested-visual","pending"
"fbdceeed089c8160","work","SortHeader","div","apps/web/src/features/work/components/table-screen.tsx","104","pending","","pending"
"f3aea8d078d4c544","work","SortHeader","button","apps/web/src/features/work/components/table-screen.tsx","108","pending","","pending"
"fe50b562614177ce","work","TableScreen","StateView","apps/web/src/features/work/components/table-screen.tsx","233","pending","","pending"
"0076215019f341f7","work","TableScreen","StateView","apps/web/src/features/work/components/table-screen.tsx","242","pending","","pending"
"4b4266a664ed7189","work","TableScreen","div","apps/web/src/features/work/components/table-screen.tsx","257","pending","","pending"
"38835bc18801f691","work","TableScreen","div","apps/web/src/features/work/components/table-screen.tsx","263","pending","","pending"
"48b3ab72db6277b6","work","TableScreen","div","apps/web/src/features/work/components/table-screen.tsx","268","pending","","pending"
"ffae593e667deece","work","TableScreen","Checkbox","apps/web/src/features/work/components/table-screen.tsx","269","pending","","pending"
"33ba9fa794158525","work","TableScreen","div","apps/web/src/features/work/components/table-screen.tsx","305","pending","","pending"
"a587ebd0a6021de0","work","TableScreen","div","apps/web/src/features/work/components/table-screen.tsx","309","pending","","pending"
"ed5a9af8f1da98e1","work","TableScreen","Checkbox","apps/web/src/features/work/components/table-screen.tsx","310","pending","","pending"
"9f2d8a0d340da0f8","work","TableScreen","div","apps/web/src/features/work/components/table-screen.tsx","316","pending","","pending"
"d4174ce3e378539d","work","TableScreen","Select","apps/web/src/features/work/components/table-screen.tsx","317","pending","","pending"
"852548433135c0fb","work","TableScreen","div","apps/web/src/features/work/components/table-screen.tsx","369","pending","","pending"
"54e02c8cad329cb6","work","TableScreen","button","apps/web/src/features/work/components/table-screen.tsx","378","pending","","pending"
"2662d6bce2bf5f6e","work","VirtualRows","div","apps/web/src/features/work/components/table-screen.tsx","442","pending","","pending"
"13a8ff3736c7bb8e","work","module","div","apps/web/src/features/work/components/table-screen.tsx","526","pending","","pending"
"379f8d1fdae24778","work","module","div","apps/web/src/features/work/components/table-screen.tsx","567","pending","","pending"
"06a349eafa1928c0","work","module","Checkbox","apps/web/src/features/work/components/table-screen.tsx","568","pending","","pending"
"8e6c0413212fa43e","work","module","div","apps/web/src/features/work/components/table-screen.tsx","577","pending","","pending"
"18d1e1ac3144231f","work","module","Input","apps/web/src/features/work/components/table-screen.tsx","579","pending","","pending"
"6ba9ad82a7aca0f8","work","module","button","apps/web/src/features/work/components/table-screen.tsx","597","pending","","pending"
"d47322b11efa05da","work","module","div","apps/web/src/features/work/components/table-screen.tsx","607","pending","","pending"
"df5433c84ff69778","work","module","MemberPicker","apps/web/src/features/work/components/table-screen.tsx","608","pending","","pending"
"bb4fd5b799795ee8","work","module","div","apps/web/src/features/work/components/table-screen.tsx","618","pending","","pending"
"4a20b5e0967f6997","work","module","Select","apps/web/src/features/work/components/table-screen.tsx","619","pending","","pending"
"80962754dee525c6","work","module","span","apps/web/src/features/work/components/table-screen.tsx","629","pending","","pending"
"bbdbd842c2aeb3ce","work","module","DatePicker","apps/web/src/features/work/components/table-screen.tsx","636","pending","","pending"
"170fb00c0d3eb4d3","work","module","span","apps/web/src/features/work/components/table-screen.tsx","659","pending","","pending"
"fc404d335a7dde0a","work","module","div","apps/web/src/features/work/components/table-screen.tsx","710","pending","","pending"
"bb13cb9416af7f90","work","module","div","apps/web/src/features/work/components/table-screen.tsx","737","pending","","pending"
"1cbf7fb77037396c","work","module","Checkbox","apps/web/src/features/work/components/table-screen.tsx","738","pending","","pending"
"c3b7512e457cb5a2","work","module","div","apps/web/src/features/work/components/table-screen.tsx","747","pending","","pending"
"0fcb3626c2b7e453","work","TemplatePreview","Chip","apps/web/src/features/work/components/template-preview.tsx","49","pending","","pending"
"da943d7010e06dc4","work","TemplatePreview","Chip","apps/web/src/features/work/components/template-preview.tsx","52","pending","","pending"
"d87d626b888b4cbb","work","TemplatePreview","Chip","apps/web/src/features/work/components/template-preview.tsx","57","pending","","pending"
"84a8660ee3d53eb9","work","TemplatePreview","Chip","apps/web/src/features/work/components/template-preview.tsx","62","pending","","pending"
"14dd2d97be5790ef","work","TemplatePreview","Chip","apps/web/src/features/work/components/template-preview.tsx","78","pending","","pending"
"a45c27e09d7543c2","work","TemplatePreview","Chip","apps/web/src/features/work/components/template-preview.tsx","83","pending","","pending"
"c6741780f7433f40","work","TemplateCard","article","apps/web/src/features/work/components/templates-screen.tsx","54","partial-bounded-evidence","knowledge_nested-work:curation-visual","pending"
"0a56e314fff093cc","work","TemplateCard","IconButton","apps/web/src/features/work/components/templates-screen.tsx","76","partial-bounded-evidence","knowledge_nested-work:curation","pending"
"dffa6da6664d62a7","work","TemplateCard","IconButton","apps/web/src/features/work/components/templates-screen.tsx","87","partial-bounded-evidence","knowledge_nested-work:curation","pending"
"0e8c9c03af2aa2e1","work","TemplateCard","Button","apps/web/src/features/work/components/templates-screen.tsx","110","partial-bounded-evidence","knowledge_nested-work:curation","pending"
"8bf440ccf52dac77","work","TemplatesScreen","StateView","apps/web/src/features/work/components/templates-screen.tsx","230","pending","","pending"
"dda1cbafadd0760a","work","TemplatesScreen","StateView","apps/web/src/features/work/components/templates-screen.tsx","239","pending","","pending"
"d2b9e8687b75cb88","work","TemplatesScreen","Button","apps/web/src/features/work/components/templates-screen.tsx","270","partial-bounded-evidence","knowledge_nested-work:curation","pending"
"a427fed4a41d94ae","work","TemplatesScreen","SegmentedControl","apps/web/src/features/work/components/templates-screen.tsx","283","partial-bounded-evidence","knowledge_nested-work:curation-visual","pending"
"c061ee35bf9f0cfd","work","TimeLogPanel","StateView","apps/web/src/features/work/components/time-log-panel.tsx","109","pending","","pending"
"67c2be21417fcd1b","work","TimeLogPanel","Progress","apps/web/src/features/work/components/time-log-panel.tsx","157","pending","","pending"
"c7c361d06725fdb5","work","TimeLogPanel","form","apps/web/src/features/work/components/time-log-panel.tsx","165","pending","","pending"
"0f7b1e315b02acb9","work","TimeLogPanel","Input","apps/web/src/features/work/components/time-log-panel.tsx","171","pending","","pending"
"fe02fc421967a80e","work","TimeLogPanel","Input","apps/web/src/features/work/components/time-log-panel.tsx","183","pending","","pending"
"983516a8c644ec5f","work","TimeLogPanel","Button","apps/web/src/features/work/components/time-log-panel.tsx","191","pending","","pending"
"8a30a675a49345cf","work","TimeLogPanel","IconButton","apps/web/src/features/work/components/time-log-panel.tsx","246","pending","","pending"
"0a15dcab0fb780ad","work","GanttBar","motion.div","apps/web/src/features/work/components/timeline-screen.tsx","214","pending","","pending"
"2539a301beb762ff","work","GanttBar","div","apps/web/src/features/work/components/timeline-screen.tsx","251","pending","","pending"
"1c31bcc5fde968a9","work","GanttBar","div","apps/web/src/features/work/components/timeline-screen.tsx","259","pending","","pending"
"a74524fb45640986","work","DependencyArrows","svg","apps/web/src/features/work/components/timeline-screen.tsx","319","pending","","pending"
"6c2fdb5a5c728d4c","work","TimelineScreen","StateView","apps/web/src/features/work/components/timeline-screen.tsx","542","pending","","pending"
"e8f956bb1f77d7be","work","TimelineScreen","StateView","apps/web/src/features/work/components/timeline-screen.tsx","551","pending","","pending"
"c001d4113905fe98","work","TimelineScreen","button","apps/web/src/features/work/components/timeline-screen.tsx","647","pending","","pending"
"440de6ba280d6364","work","TimelineScreen","Collapsible","apps/web/src/features/work/components/timeline-screen.tsx","673","pending","","pending"
"71db194c68d2776c","work","TimelineScreen","div","apps/web/src/features/work/components/timeline-screen.tsx","704","pending","","pending"
"00f97f3f24b7272f","work","TimelineScreen","button","apps/web/src/features/work/components/timeline-screen.tsx","710","pending","","pending"
"d50767f9564b6f71","work","TimelineScreen","div","apps/web/src/features/work/components/timeline-screen.tsx","726","pending","","pending"
"f0fafe9ffb50b95e","work","TimelineScreen","button","apps/web/src/features/work/components/timeline-screen.tsx","732","pending","","pending"
"0cf7eea1d443481e","work","TimelineScreen","Button","apps/web/src/features/work/components/timeline-screen.tsx","749","pending","","pending"
"96edf8d0a6ff52f1","work","WorkShell","IconButton","apps/web/src/features/work/components/work-shell.tsx","124","pending","","pending"
"e0ee9821fbb29831","work","WorkShell","SegmentedControl","apps/web/src/features/work/components/work-shell.tsx","158","pending","","pending"
"144637bbb23aee1f","work","WorkShell","Collapsible","apps/web/src/features/work/components/work-shell.tsx","179","pending","","pending"
"619ea3f44228f17f","work","Cell","Popover","apps/web/src/features/work/components/workload-screen.tsx","288","pending","","pending"
"5b6483b1eb5d736f","work","Cell","Tooltip","apps/web/src/features/work/components/workload-screen.tsx","290","pending","","pending"
"919583e7dd6c5167","work","Cell","TooltipTrigger","apps/web/src/features/work/components/workload-screen.tsx","291","pending","","pending"
"b6e4202386eec384","work","Cell","PopoverTrigger","apps/web/src/features/work/components/workload-screen.tsx","292","pending","","pending"
"baecfefa8f0ffd62","work","Cell","button","apps/web/src/features/work/components/workload-screen.tsx","293","pending","","pending"
"c7ef942201b4c6f5","work","Cell","TooltipContent","apps/web/src/features/work/components/workload-screen.tsx","302","pending","","pending"
"5e461d4b931f5c8d","work","Cell","PopoverContent","apps/web/src/features/work/components/workload-screen.tsx","305","pending","","pending"
"8fe7f5ca83972ad0","work","CapacityCell","Input","apps/web/src/features/work/components/workload-screen.tsx","405","pending","","pending"
"421b86725952fe7a","work","CapacityCell","button","apps/web/src/features/work/components/workload-screen.tsx","431","pending","","pending"
"3b29ab67641efebb","work","Row","div","apps/web/src/features/work/components/workload-screen.tsx","467","pending","","pending"
"536885f7a604d759","work","Row","StaggerItem","apps/web/src/features/work/components/workload-screen.tsx","468","pending","","pending"
"dcb5815210b47593","work","Row","StaggerItem","apps/web/src/features/work/components/workload-screen.tsx","494","pending","","pending"
"43bb93a9eaf3b679","work","Grid","div","apps/web/src/features/work/components/workload-screen.tsx","541","pending","","pending"
"4536da1d5decc815","work","Grid","div","apps/web/src/features/work/components/workload-screen.tsx","549","pending","","pending"
"79c9054aafaa92f8","work","Grid","div","apps/web/src/features/work/components/workload-screen.tsx","550","pending","","pending"
"dcb60543987aa3a6","work","Grid","div","apps/web/src/features/work/components/workload-screen.tsx","552","pending","","pending"
"a3502f514b08386e","work","CoverageWarning","div","apps/web/src/features/work/components/workload-screen.tsx","666","pending","","pending"
"550d34f13cf31245","work","CoverageWarning","a","apps/web/src/features/work/components/workload-screen.tsx","677","pending","","pending"
"ab7b8b40d49c230b","work","WorkloadScreen","StateView","apps/web/src/features/work/components/workload-screen.tsx","811","pending","","pending"
"8edfb939d1e621e9","work","WorkloadScreen","StateView","apps/web/src/features/work/components/workload-screen.tsx","820","pending","","pending"
"96d2a4ac978b3606","work","WorkloadScreen","IconButton","apps/web/src/features/work/components/workload-screen.tsx","878","pending","","pending"
"15d5daf7927f08a1","work","WorkloadScreen","Button","apps/web/src/features/work/components/workload-screen.tsx","884","pending","","pending"
"02085d875a311f7d","work","WorkloadScreen","IconButton","apps/web/src/features/work/components/workload-screen.tsx","887","pending","","pending"
"94960fa5abb30b7f","shell-auth","DepartmentFeatureScreen","StateView","apps/web/src/lib/department-feature-screen.tsx","28","partial-bounded-evidence","event_regressions-goals:functional","pending"
"1e734fee31b2682c","shell-auth","DepartmentFeatureScreen","StateView","apps/web/src/lib/department-feature-screen.tsx","31","pending","","pending"
"6fccbe16cb2c74ab","shell-auth","DepartmentFeatureScreen","StateView","apps/web/src/lib/department-feature-screen.tsx","44","pending","","pending"
"48d02a23e4e86100","shell-auth","module","a","apps/web/src/lib/router.tsx","97","pending","","pending"
"b91350f7db07a343","shell-auth","HomeRoute","ForcedStateBlock","apps/web/src/routes/home.tsx","33","pending","","pending"
"b5b2060bb36a058c","shell-auth","HomeRoute","StateView","apps/web/src/routes/home.tsx","37","pending","","pending"
"e836173f5e61173b","shell-auth","HomeRoute","StateView","apps/web/src/routes/home.tsx","42","pending","","pending"
"fa02e6571fcb2887","shell-auth","HomeRoute","StateView","apps/web/src/routes/home.tsx","88","pending","","pending"
"c852813947f96e35","shell-auth","LoginRoute","ForcedStateBlock","apps/web/src/routes/login.tsx","100","pending","","pending"
"fc81d6396927dbbe","shell-auth","LoginRoute","div","apps/web/src/routes/login.tsx","121","pending","","pending"
"81e9874fdcf75518","shell-auth","LoginRoute","form","apps/web/src/routes/login.tsx","129","pending","","pending"
"238c3836d85951bf","shell-auth","LoginRoute","Input","apps/web/src/routes/login.tsx","141","pending","","pending"
"650c7c074f1cdb85","shell-auth","LoginRoute","Button","apps/web/src/routes/login.tsx","149","pending","","pending"
"a5715a41f69f5f93","shell-auth","LoginRoute","Button","apps/web/src/routes/login.tsx","164","pending","","pending"
"8214d82e082eecdc","shell-auth","LoginRoute","form","apps/web/src/routes/login.tsx","187","pending","","pending"
"3419001a27a11072","shell-auth","LoginRoute","Input","apps/web/src/routes/login.tsx","192","pending","","pending"
"6ce81be1235ecbd1","shell-auth","LoginRoute","p","apps/web/src/routes/login.tsx","203","pending","","pending"
"5422f9bea6a86653","shell-auth","LoginRoute","Button","apps/web/src/routes/login.tsx","207","pending","","pending"
"6f188bda236e735c","shell-auth","LoginRoute","Button","apps/web/src/routes/login.tsx","217","pending","","pending"
"3d977fd420051036","shell-auth","LoginRoute","p","apps/web/src/routes/login.tsx","244","pending","","pending"
"8b0e9486d5e99f80","shell-auth","LoginRoute","form","apps/web/src/routes/login.tsx","253","pending","","pending"
"89c68b855ad14cdf","shell-auth","LoginRoute","Input","apps/web/src/routes/login.tsx","258","pending","","pending"
"8362cfa0dfc6d392","shell-auth","LoginRoute","button","apps/web/src/routes/login.tsx","277","pending","","pending"
"afb63b78963f0173","shell-auth","LoginRoute","Input","apps/web/src/routes/login.tsx","287","pending","","pending"
"0a8dd78b4577fa1e","shell-auth","LoginRoute","IconButton","apps/web/src/routes/login.tsx","297","pending","","pending"
"2e1502d2e19d9a03","shell-auth","LoginRoute","p","apps/web/src/routes/login.tsx","309","pending","","pending"
"4d80f3337c6df441","shell-auth","LoginRoute","Button","apps/web/src/routes/login.tsx","320","pending","","pending"
"983fd118a8b91eb0","shell-auth","NotFoundRoute","ForcedStateBlock","apps/web/src/routes/not-found.tsx","14","pending","","pending"
"53a6f5f0018ddc16","shell-auth","UsedScreen","StateView","apps/web/src/routes/setup.tsx","22","pending","","pending"
"e97dee5aeae62d22","shell-auth","DoneScreen","IconButton","apps/web/src/routes/setup.tsx","50","pending","","pending"
"0eaa50265befc3eb","shell-auth","DoneScreen","Button","apps/web/src/routes/setup.tsx","54","pending","","pending"
"c85785aae78aa98a","shell-auth","SetupRoute","ForcedStateBlock","apps/web/src/routes/setup.tsx","90","pending","","pending"
"8acd9c2562a0d777","shell-auth","SetupRoute","StateView","apps/web/src/routes/setup.tsx","98","pending","","pending"
"d7d2161e47924209","shell-auth","SetupRoute","StateView","apps/web/src/routes/setup.tsx","103","pending","","pending"
"c41f01cd90d8c77d","shell-auth","SetupRoute","form","apps/web/src/routes/setup.tsx","135","pending","","pending"
"0b21c03c8bcf68a4","shell-auth","SetupRoute","Input","apps/web/src/routes/setup.tsx","140","pending","","pending"
"4223a0efff9dafd8","shell-auth","SetupRoute","Input","apps/web/src/routes/setup.tsx","151","pending","","pending"
"abc2a64d655475b7","shell-auth","SetupRoute","Input","apps/web/src/routes/setup.tsx","157","pending","","pending"
"30485b559b96f5b1","shell-auth","SetupRoute","Input","apps/web/src/routes/setup.tsx","163","pending","","pending"
"5ba4de9665d5c100","shell-auth","SetupRoute","Input","apps/web/src/routes/setup.tsx","175","pending","","pending"
"f5422424aa435d2b","shell-auth","SetupRoute","IconButton","apps/web/src/routes/setup.tsx","184","pending","","pending"
"ea6210c773205fab","shell-auth","SetupRoute","Button","apps/web/src/routes/setup.tsx","198","pending","","pending"
"8ab7404661e9d092","shell-auth","AppShell","DemoChip","apps/web/src/shell/app-shell.tsx","361","pending","","pending"
"c1f3a60e95ae2bef","shell-auth","AppShell","InboxBell","apps/web/src/shell/app-shell.tsx","379","pending","","pending"
"0f3294f5d5a8b41c","shell-auth","AppShell","ThemeToggle","apps/web/src/shell/app-shell.tsx","387","partial-bounded-evidence","root-shared-recovery:systemTheme","pending"
"a731cbccda9cb7cb","shell-auth","AppShell","LocaleMenu","apps/web/src/shell/app-shell.tsx","392","pending","","pending"
"d2551c1da6ba2742","shell-auth","AppShell","a","apps/web/src/shell/app-shell.tsx","418","pending","","pending"
"5a9f526a8f81db29","shell-auth","AppShell","Sheet","apps/web/src/shell/app-shell.tsx","428","pending","","pending"
"a1084847332c812a","shell-auth","AppShell","SheetContent","apps/web/src/shell/app-shell.tsx","429","pending","","pending"
"701e3c84d9b5a5c2","shell-auth","AppShell","IconButton","apps/web/src/shell/app-shell.tsx","443","pending","","pending"
"d9a66eac03aaa7b8","shell-auth","AppShell","IconButton","apps/web/src/shell/app-shell.tsx","454","pending","","pending"
"df4d41080004aad8","shell-auth","AppShell","SearchTrigger","apps/web/src/shell/app-shell.tsx","464","pending","","pending"
"160630be41303794","shell-auth","AppShell","DemoChip","apps/web/src/shell/app-shell.tsx","476","partial-bounded-evidence","root-shared-recovery:demo","pending"
"333eb6dd3adb2e76","shell-auth","AppShell","CommandPaletteController","apps/web/src/shell/app-shell.tsx","526","pending","","pending"
"b68867ac4921bc47","shell-auth","renderMainContent","StateView","apps/web/src/shell/app-shell.tsx","610","pending","","pending"
"8fb0c8be84579576","shell-auth","MaintenanceNotice","div","apps/web/src/shell/app-shell.tsx","650","pending","","pending"
"def8de8fff02f63c","shell-auth","AuthShell","ThemeToggle","apps/web/src/shell/auth-shell.tsx","64","pending","","pending"
"a84363147c099bf1","shell-auth","AuthShell","LocaleMenu","apps/web/src/shell/auth-shell.tsx","69","pending","","pending"
"8da8981696dfc657","shell-auth","ForcedStateBlock","StateView","apps/web/src/shell/forced-state-block.tsx","13","pending","","pending"
"1ec2d803e5a60dcc","shell-auth","ForcedStateBlock","StateView","apps/web/src/shell/forced-state-block.tsx","25","pending","","pending"
"6c39951284a5081f","shell-auth","ForcedStateBlock","StateView","apps/web/src/shell/forced-state-block.tsx","33","partial-bounded-evidence","root-shared-recovery:designedRecovery","pending"
"c84c113bb50aac1e","shell-auth","ForcedStateBlock","StateView","apps/web/src/shell/forced-state-block.tsx","43","partial-bounded-evidence","root-shared-recovery:designedRecovery","pending"
"af3c8e9936901160","shell-auth","ForcedStateBlock","StateView","apps/web/src/shell/forced-state-block.tsx","52","partial-bounded-evidence","root-shared-recovery:designedRecovery","pending"
"29612f0acc9da8d1","shell-auth","LocaleLoadNotice","div","apps/web/src/shell/locale-load-notice.tsx","19","pending","","pending"
"33134c1350b67c30","shell-auth","LocaleLoadNotice","Button","apps/web/src/shell/locale-load-notice.tsx","28","partial-bounded-evidence","event_regressions:localeRecovery","pending"
"c2a6adf8294147fa","shell-auth","LocalePreferenceNotice","div","apps/web/src/shell/locale-preference-notice.tsx","15","pending","","pending"
"49d009c9fb2bbd3d","shell-auth","LocalePreferenceNotice","Button","apps/web/src/shell/locale-preference-notice.tsx","22","partial-bounded-evidence","event_regressions:localeRecovery","pending"
"45ab8a8efac37986","shell-auth","RouteErrorBoundary","StateView","apps/web/src/shell/route-error-boundary.tsx","50","pending","","pending"
"024223225f56bbb6","shared-ui","Frame","svg","packages/ui/src/illustrations/index.tsx","38","pending","","pending"
"1030e2510ab4271c","shared-ui","CelebrateDemo","button","packages/ui/src/motion/motion.stories.tsx","52","pending","","not-applicable"
"6d95fb06a6addbf7","shared-ui","CollapsibleDemo","button","packages/ui/src/motion/motion.stories.tsx","73","pending","","not-applicable"
"5dcf09b70b15591e","shared-ui","CollapsibleDemo","Collapsible","packages/ui/src/motion/motion.stories.tsx","80","pending","","not-applicable"
"b9e8fb10b3cadbd6","shared-ui","ShakeDemo","button","packages/ui/src/motion/motion.stories.tsx","93","pending","","not-applicable"
"28b7125e0eb35045","shared-ui","FlashDemo","button","packages/ui/src/motion/motion.stories.tsx","111","pending","","not-applicable"
"c5c17b9d4ba2c963","shared-ui","SettlePulseDemo","button","packages/ui/src/motion/motion.stories.tsx","127","pending","","not-applicable"
"9d6f42f9375bb8fe","shared-ui","StrikethroughDemo","button","packages/ui/src/motion/motion.stories.tsx","148","pending","","not-applicable"
"c4643cc12b3926be","shared-ui","SwapDemo","button","packages/ui/src/motion/motion.stories.tsx","164","pending","","not-applicable"
"fcad3bb5ad1827e9","shared-ui","module","ProgressRing","packages/ui/src/motion/motion.stories.tsx","248","pending","","not-applicable"
"6c86211a81acc397","shared-ui","module","ProgressRing","packages/ui/src/motion/motion.stories.tsx","251","pending","","not-applicable"
"471f3c044ebfa428","shared-ui","module","HoverCard","packages/ui/src/motion/motion.stories.tsx","291","pending","","not-applicable"
"8d07474a16247371","shared-ui","module","HoverCardTrigger","packages/ui/src/motion/motion.stories.tsx","292","pending","","not-applicable"
"531e3492512f763a","shared-ui","module","HoverCardContent","packages/ui/src/motion/motion.stories.tsx","295","pending","","not-applicable"
"b8d546ed511d41d8","shared-ui","ProgressRing","div","packages/ui/src/motion/progress-ring.tsx","58","pending","","pending"
"c9c5211c343afe31","shared-ui","LivePulse","span","packages/ui/src/motion/pulse.tsx","101","pending","","pending"
"a78baa48c62b845b","shared-ui","Shimmer","div","packages/ui/src/motion/shimmer.tsx","20","pending","","pending"
"003ab649aa86a9be","shared-ui","AiPreviewPanel","div","packages/ui/src/primitives/ai-preview-panel.tsx","78","pending","","pending"
"71524160ae918ac5","shared-ui","AiPreviewPanel","div","packages/ui/src/primitives/ai-preview-panel.tsx","85","pending","","pending"
"22d36cc2cffc4e0d","shared-ui","AiPreviewPanel","Collapsible","packages/ui/src/primitives/ai-preview-panel.tsx","94","pending","","pending"
"5dfbe7dc6b3ec7f0","shared-ui","AiPreviewPanel","Button","packages/ui/src/primitives/ai-preview-panel.tsx","105","pending","","pending"
"70b24e8cd5baa9da","shared-ui","AiPreviewPanel","Button","packages/ui/src/primitives/ai-preview-panel.tsx","109","pending","","pending"
"a9fd2a0680d550c0","shared-ui","AiPreviewPanel","Button","packages/ui/src/primitives/ai-preview-panel.tsx","116","pending","","pending"
"881e1a9ab2e81695","shared-ui","AiPreviewPanel","Button","packages/ui/src/primitives/ai-preview-panel.tsx","120","pending","","pending"
"f645a8620b45c65a","shared-ui","AiPreviewPanel","Button","packages/ui/src/primitives/ai-preview-panel.tsx","124","pending","","pending"
"71eaa8d4bb7cf8f6","shared-ui","AvatarStack","div","packages/ui/src/primitives/avatar-stack.tsx","36","pending","","pending"
"b83eba5cd2491f77","shared-ui","module","Button","packages/ui/src/primitives/button.stories.tsx","15","pending","","not-applicable"
"d05afd5912e1da1d","shared-ui","module","Button","packages/ui/src/primitives/button.stories.tsx","18","pending","","not-applicable"
"786b4a648584396a","shared-ui","module","Button","packages/ui/src/primitives/button.stories.tsx","21","pending","","not-applicable"
"58b1a8aa610e870a","shared-ui","module","Button","packages/ui/src/primitives/button.stories.tsx","24","pending","","not-applicable"
"75d78a3b5443e1cd","shared-ui","module","Button","packages/ui/src/primitives/button.stories.tsx","34","pending","","not-applicable"
"5978fd19c56e3043","shared-ui","module","Button","packages/ui/src/primitives/button.stories.tsx","35","pending","","not-applicable"
"f731aeefe435113a","shared-ui","module","Button","packages/ui/src/primitives/button.stories.tsx","36","pending","","not-applicable"
"8b5ea14273675a0d","shared-ui","module","Chip","packages/ui/src/primitives/chip.stories.tsx","12","pending","","not-applicable"
"fba1e6e25041bd4e","shared-ui","module","Chip","packages/ui/src/primitives/chip.stories.tsx","13","pending","","not-applicable"
"4d04361b8ee29eb5","shared-ui","module","Chip","packages/ui/src/primitives/chip.stories.tsx","14","pending","","not-applicable"
"63c5dc5aa65ea6f3","shared-ui","module","Chip","packages/ui/src/primitives/chip.stories.tsx","15","pending","","not-applicable"
"5bb80be9aec47d02","shared-ui","module","Chip","packages/ui/src/primitives/chip.stories.tsx","16","pending","","not-applicable"
"d2cc28a487546cd3","shared-ui","module","Chip","packages/ui/src/primitives/chip.stories.tsx","17","pending","","not-applicable"
"5a0bb77e0fd8be10","shared-ui","module","Chip","packages/ui/src/primitives/chip.stories.tsx","18","pending","","not-applicable"
"ca7da85ffd245143","shared-ui","module","Chip","packages/ui/src/primitives/chip.stories.tsx","29","pending","","not-applicable"
"19874859099b8778","shared-ui","module","Chip","packages/ui/src/primitives/chip.stories.tsx","32","pending","","not-applicable"
"99e9238a379fa45c","shared-ui","module","Chip","packages/ui/src/primitives/chip.stories.tsx","41","pending","","not-applicable"
"70e30303099ab27e","shared-ui","module","button","packages/ui/src/primitives/chip.tsx","54","pending","","pending"
"32f29d6a03607239","shared-ui","module","button","packages/ui/src/primitives/chip.tsx","81","pending","","pending"
"a9b6468c60ca058d","shared-ui","Combobox","Popover","packages/ui/src/primitives/combobox.tsx","110","pending","","pending"
"6158571c72a82123","shared-ui","Combobox","PopoverTrigger","packages/ui/src/primitives/combobox.tsx","111","pending","","pending"
"fa11b1bbfdc2a1bb","shared-ui","Combobox","button","packages/ui/src/primitives/combobox.tsx","112","pending","","pending"
"a86021a1d320b01a","shared-ui","Combobox","PopoverContent","packages/ui/src/primitives/combobox.tsx","136","pending","","pending"
"b3cb2466c21479fd","shared-ui","DataList","div","packages/ui/src/primitives/data-list.tsx","31","pending","","pending"
"3e37d55f379cf605","shared-ui","module","div","packages/ui/src/primitives/data-list.tsx","80","pending","","pending"
"ff7eaa6cdac2551d","shared-ui","DatePicker","Popover","packages/ui/src/primitives/date-picker.tsx","140","pending","","pending"
"eb911750f601adc6","shared-ui","DatePicker","PopoverTrigger","packages/ui/src/primitives/date-picker.tsx","141","pending","","pending"
"3a0b517688f6f436","shared-ui","DatePicker","button","packages/ui/src/primitives/date-picker.tsx","142","pending","","pending"
"604385c14706508f","shared-ui","DatePicker","PopoverContent","packages/ui/src/primitives/date-picker.tsx","166","pending","","pending"
"ade257cea84a7f36","shared-ui","module","Dialog","packages/ui/src/primitives/dialog.stories.tsx","11","pending","","not-applicable"
"190d6e041f19b3cc","shared-ui","module","DialogTrigger","packages/ui/src/primitives/dialog.stories.tsx","12","pending","","not-applicable"
"1e0b989f47f35df1","shared-ui","module","Button","packages/ui/src/primitives/dialog.stories.tsx","13","pending","","not-applicable"
"74fe6807e686f05a","shared-ui","module","DialogContent","packages/ui/src/primitives/dialog.stories.tsx","15","pending","","not-applicable"
"521ff100ba954b6a","shared-ui","module","DropdownMenu","packages/ui/src/primitives/dropdown-menu.stories.tsx","23","pending","","not-applicable"
"923c53b6ed308426","shared-ui","module","DropdownMenuTrigger","packages/ui/src/primitives/dropdown-menu.stories.tsx","24","pending","","not-applicable"
"f6c2dd31e6fa373b","shared-ui","module","Button","packages/ui/src/primitives/dropdown-menu.stories.tsx","25","pending","","not-applicable"
"f8e2697f9cb11517","shared-ui","module","DropdownMenuContent","packages/ui/src/primitives/dropdown-menu.stories.tsx","29","pending","","not-applicable"
"402e6ceaae57ae7c","shared-ui","module","DropdownMenuRadioItem","packages/ui/src/primitives/dropdown-menu.stories.tsx","31","pending","","not-applicable"
"493c77fb0dd83c5a","shared-ui","module","DropdownMenuRadioItem","packages/ui/src/primitives/dropdown-menu.stories.tsx","32","pending","","not-applicable"
"ad2790595f66ee87","shared-ui","module","DropdownMenuRadioItem","packages/ui/src/primitives/dropdown-menu.stories.tsx","34","pending","","not-applicable"
"1c6236590600ab88","shared-ui","module","DropdownMenuRadioItem","packages/ui/src/primitives/dropdown-menu.stories.tsx","35","pending","","not-applicable"
"56fcab2852e047bb","shared-ui","Field","Collapsible","packages/ui/src/primitives/field.tsx","85","pending","","pending"
"44c73be4c017fdbb","shared-ui","Field","p","packages/ui/src/primitives/field.tsx","86","pending","","pending"
"4876d6a9cf0ef86c","shared-ui","module","IconButton","packages/ui/src/primitives/icon-button.stories.tsx","15","pending","","not-applicable"
"f6215e4cb0e79380","shared-ui","module","IconButton","packages/ui/src/primitives/icon-button.stories.tsx","18","pending","","not-applicable"
"4c59b3e0c391f5af","shared-ui","module","IconButton","packages/ui/src/primitives/icon-button.stories.tsx","21","pending","","not-applicable"
"7768146dbdbf9e5e","shared-ui","module","button","packages/ui/src/primitives/icon-button.tsx","37","pending","","pending"
"38fd80d836b0568a","shared-ui","module","Tooltip","packages/ui/src/primitives/icon-button.tsx","45","pending","","pending"
"ae7bc8b942eadbbc","shared-ui","module","TooltipTrigger","packages/ui/src/primitives/icon-button.tsx","46","pending","","pending"
"7a6160cd2f2d8dc3","shared-ui","module","TooltipContent","packages/ui/src/primitives/icon-button.tsx","47","pending","","pending"
"cae8b0d1e7bbaaa8","shared-ui","module","input","packages/ui/src/primitives/input.tsx","13","pending","","pending"
"a3411995045885cd","shared-ui","Gallery","Button","packages/ui/src/primitives/overhaul-primitives.stories.tsx","76","pending","","not-applicable"
"cb440ec504923ebb","shared-ui","Gallery","TabsList","packages/ui/src/primitives/overhaul-primitives.stories.tsx","94","pending","","not-applicable"
"4371ed0bbd114f4a","shared-ui","Gallery","TabsTrigger","packages/ui/src/primitives/overhaul-primitives.stories.tsx","95","pending","","not-applicable"
"228be38ee112bc62","shared-ui","Gallery","TabsTrigger","packages/ui/src/primitives/overhaul-primitives.stories.tsx","98","pending","","not-applicable"
"3e4a1cc5cd7d8c5e","shared-ui","Gallery","Checkbox","packages/ui/src/primitives/overhaul-primitives.stories.tsx","107","pending","","not-applicable"
"bebc8f488ffd24b0","shared-ui","Gallery","Switch","packages/ui/src/primitives/overhaul-primitives.stories.tsx","116","pending","","not-applicable"
"06fd74b1d1e7d7a6","shared-ui","Gallery","RadioGroup","packages/ui/src/primitives/overhaul-primitives.stories.tsx","119","pending","","not-applicable"
"e9684f68d93f84b7","shared-ui","Gallery","RadioOption","packages/ui/src/primitives/overhaul-primitives.stories.tsx","120","pending","","not-applicable"
"f41c5ef6a9c0b1f8","shared-ui","Gallery","RadioOption","packages/ui/src/primitives/overhaul-primitives.stories.tsx","121","pending","","not-applicable"
"dd73d5fc9bb5da12","shared-ui","Gallery","Combobox","packages/ui/src/primitives/overhaul-primitives.stories.tsx","127","pending","","not-applicable"
"f98d157f9c7917ee","shared-ui","Gallery","DatePicker","packages/ui/src/primitives/overhaul-primitives.stories.tsx","138","pending","","not-applicable"
"070ab8d3fca9dbb6","shared-ui","Gallery","Chip","packages/ui/src/primitives/overhaul-primitives.stories.tsx","149","pending","","not-applicable"
"486358bb67c84084","shared-ui","Gallery","Chip","packages/ui/src/primitives/overhaul-primitives.stories.tsx","152","pending","","not-applicable"
"14776e4144de9e63","shared-ui","Gallery","FilterChip","packages/ui/src/primitives/overhaul-primitives.stories.tsx","155","pending","","not-applicable"
"efb62eec632c3aba","shared-ui","Gallery","FilterChip","packages/ui/src/primitives/overhaul-primitives.stories.tsx","158","pending","","not-applicable"
"a8e6552e269b08f3","shared-ui","Gallery","Progress","packages/ui/src/primitives/overhaul-primitives.stories.tsx","164","pending","","not-applicable"
"f6a8241eecfe80e8","shared-ui","Gallery","ProgressRing","packages/ui/src/primitives/overhaul-primitives.stories.tsx","166","pending","","not-applicable"
"b33e8db1f70fb20b","shared-ui","Gallery","Card","packages/ui/src/primitives/overhaul-primitives.stories.tsx","195","pending","","not-applicable"
"fb92c38d87d75954","shared-ui","Gallery","Button","packages/ui/src/primitives/overhaul-primitives.stories.tsx","202","pending","","not-applicable"
"0818609b20d4e614","shared-ui","Gallery","DataList","packages/ui/src/primitives/overhaul-primitives.stories.tsx","207","pending","","not-applicable"
"edba75d52281dc28","shared-ui","Gallery","DataRow","packages/ui/src/primitives/overhaul-primitives.stories.tsx","209","pending","","not-applicable"
"3f47188abf291132","shared-ui","Gallery","Checkbox","packages/ui/src/primitives/overhaul-primitives.stories.tsx","213","pending","","not-applicable"
"655845f8dd0385c5","shared-ui","Gallery","Tabs","packages/ui/src/primitives/overhaul-primitives.stories.tsx","227","pending","","not-applicable"
"c39cb55cec23740a","shared-ui","Gallery","TabsList","packages/ui/src/primitives/overhaul-primitives.stories.tsx","228","pending","","not-applicable"
"c9fada656cd39efc","shared-ui","Gallery","TabsTrigger","packages/ui/src/primitives/overhaul-primitives.stories.tsx","229","pending","","not-applicable"
"551c79c99f01dc46","shared-ui","Gallery","TabsTrigger","packages/ui/src/primitives/overhaul-primitives.stories.tsx","230","pending","","not-applicable"
"6f4ddf596e276132","shared-ui","Gallery","TabsTrigger","packages/ui/src/primitives/overhaul-primitives.stories.tsx","231","pending","","not-applicable"
"9aec5e8c71b26244","shared-ui","Gallery","TabsContent","packages/ui/src/primitives/overhaul-primitives.stories.tsx","233","pending","","not-applicable"
"22f4e38452193edc","shared-ui","Gallery","TabsContent","packages/ui/src/primitives/overhaul-primitives.stories.tsx","236","pending","","not-applicable"
"8e383183f670f941","shared-ui","Gallery","TabsContent","packages/ui/src/primitives/overhaul-primitives.stories.tsx","239","pending","","not-applicable"
"27a6e07ab2cf933f","shared-ui","module","Popover","packages/ui/src/primitives/popover.stories.tsx","12","pending","","not-applicable"
"8dcd8912589843b9","shared-ui","module","PopoverTrigger","packages/ui/src/primitives/popover.stories.tsx","13","pending","","not-applicable"
"e8083826d00f0d25","shared-ui","module","PopoverContent","packages/ui/src/primitives/popover.stories.tsx","18","pending","","not-applicable"
"707694b076acb00e","shared-ui","RadioOption","RadioGroupItem","packages/ui/src/primitives/radio-group.tsx","56","pending","","pending"
"e4d82bb32a417fa3","shared-ui","SegmentedControl","div","packages/ui/src/primitives/segmented-control.tsx","65","pending","","pending"
"f3d9273029607388","shared-ui","SegmentedControl","button","packages/ui/src/primitives/segmented-control.tsx","76","pending","","pending"
"9ff36d4f15e1d4f8","shared-ui","module","select","packages/ui/src/primitives/select.tsx","22","pending","","pending"
"c61829dbac395e84","shared-ui","module","Sheet","packages/ui/src/primitives/sheet.stories.tsx","13","pending","","not-applicable"
"674e32210be07ac4","shared-ui","module","SheetTrigger","packages/ui/src/primitives/sheet.stories.tsx","14","pending","","not-applicable"
"2596318e26296fcb","shared-ui","module","IconButton","packages/ui/src/primitives/sheet.stories.tsx","15","pending","","not-applicable"
"da05f315abce9a41","shared-ui","module","SheetContent","packages/ui/src/primitives/sheet.stories.tsx","19","pending","","not-applicable"
"3cf9d53f87f8b93a","shared-ui","module","button","packages/ui/src/primitives/sheet.stories.tsx","21","pending","","not-applicable"
"07852ecc2419688c","shared-ui","module","div","packages/ui/src/primitives/skeleton.tsx","19","pending","","pending"
"ff0e1268c66e46bb","shared-ui","module","button","packages/ui/src/primitives/sparkle-button.tsx","27","pending","","pending"
"bdfdde35319c962e","shared-ui","module","textarea","packages/ui/src/primitives/textarea.tsx","12","pending","","pending"
"58cb262d720fde93","shared-ui","module","Button","packages/ui/src/primitives/toast.stories.tsx","13","pending","","not-applicable"
"eb652368adb99b47","shared-ui","module","Button","packages/ui/src/primitives/toast.stories.tsx","22","pending","","not-applicable"
"df34bcc5117febe7","shared-ui","UndoToast","button","packages/ui/src/primitives/toast.tsx","98","pending","","pending"
"810181e26ba2621b","shared-ui","module","Tooltip","packages/ui/src/primitives/tooltip.stories.tsx","13","pending","","not-applicable"
"44eac84d755b07b8","shared-ui","module","TooltipTrigger","packages/ui/src/primitives/tooltip.stories.tsx","14","pending","","not-applicable"
"ece8101ffc3c01d0","shared-ui","module","IconButton","packages/ui/src/primitives/tooltip.stories.tsx","15","pending","","not-applicable"
"a58c830a631e6753","shared-ui","module","TooltipContent","packages/ui/src/primitives/tooltip.stories.tsx","19","pending","","not-applicable"
"856e9de28c6a4957","shared-ui","LiveStatusPill","Tooltip","packages/ui/src/realtime/live-indicators.tsx","65","pending","","pending"
"43eedf721c37ea34","shared-ui","LiveStatusPill","TooltipTrigger","packages/ui/src/realtime/live-indicators.tsx","66","pending","","pending"
"3d8dffdd9a2e2c7a","shared-ui","LiveStatusPill","button","packages/ui/src/realtime/live-indicators.tsx","69","pending","","pending"
"9c05423e7d617801","shared-ui","LiveStatusPill","TooltipContent","packages/ui/src/realtime/live-indicators.tsx","83","pending","","pending"
"601a7dd970a9a0d7","shared-ui","PresenceAvatars","Tooltip","packages/ui/src/realtime/live-indicators.tsx","123","pending","","pending"
"bff6ee131b560922","shared-ui","PresenceAvatars","TooltipTrigger","packages/ui/src/realtime/live-indicators.tsx","124","pending","","pending"
"e93a1adfc471ccb4","shared-ui","PresenceAvatars","button","packages/ui/src/realtime/live-indicators.tsx","125","pending","","pending"
"f1a83295a63a59df","shared-ui","PresenceAvatars","TooltipContent","packages/ui/src/realtime/live-indicators.tsx","158","pending","","pending"
"4d0fa28693771ec7","shared-ui","AvatarMenu","DropdownMenu","packages/ui/src/shell/avatar-menu.tsx","50","pending","","pending"
"ad2354d956e8ec1e","shared-ui","AvatarMenu","DropdownMenuTrigger","packages/ui/src/shell/avatar-menu.tsx","51","pending","","pending"
"d091b5310ed68193","shared-ui","AvatarMenu","DropdownMenuContent","packages/ui/src/shell/avatar-menu.tsx","57","pending","","pending"
"65173dc7048cc173","shared-ui","AvatarMenu","DropdownMenuRadioItem","packages/ui/src/shell/avatar-menu.tsx","63","pending","","pending"
"cde8b210e23d8509","shared-ui","AvatarMenu","DropdownMenuItem","packages/ui/src/shell/avatar-menu.tsx","69","pending","","pending"
"e8d5062e977e7b0d","shared-ui","AvatarMenu","DropdownMenuItem","packages/ui/src/shell/avatar-menu.tsx","74","pending","","pending"
"bbe2389c89c2dde5","shared-ui","Harness","Button","packages/ui/src/shell/command-palette.stories.tsx","48","pending","","not-applicable"
"4cf05c148fde1849","shared-ui","CommandPaletteBody","Button","packages/ui/src/shell/command-palette.tsx","278","pending","","pending"
"3b424f656409bb79","shared-ui","CommandPalette","Sheet","packages/ui/src/shell/command-palette.tsx","349","pending","","pending"
"1a5ff81054642e06","shared-ui","CommandPalette","SheetContent","packages/ui/src/shell/command-palette.tsx","350","pending","","pending"
"0b7ab8d79d802fc8","shared-ui","CommandPalette","Dialog","packages/ui/src/shell/command-palette.tsx","365","pending","","pending"
"4241895aae58a7f3","shared-ui","CommandPalette","DialogContent","packages/ui/src/shell/command-palette.tsx","366","pending","","pending"
"9ffc5a9a1dcd7afa","shared-ui","DemoChip","Popover","packages/ui/src/shell/demo-chip.tsx","17","pending","","pending"
"4980723243007d7d","shared-ui","DemoChip","PopoverTrigger","packages/ui/src/shell/demo-chip.tsx","18","pending","","pending"
"0eff80e44126f06d","shared-ui","DemoChip","PopoverContent","packages/ui/src/shell/demo-chip.tsx","27","pending","","pending"
"b7a48d999084ab33","shared-ui","DepartmentSwitcher","Popover","packages/ui/src/shell/department-switcher.tsx","51","pending","","pending"
"058fef6afab3ddc1","shared-ui","DepartmentSwitcher","PopoverTrigger","packages/ui/src/shell/department-switcher.tsx","52","pending","","pending"
"f66d42765b3639ed","shared-ui","DepartmentSwitcher","button","packages/ui/src/shell/department-switcher.tsx","53","pending","","pending"
"ede09575795a1e2c","shared-ui","DepartmentSwitcher","PopoverContent","packages/ui/src/shell/department-switcher.tsx","90","pending","","pending"
"7184c0902e1b7eca","shared-ui","DepartmentSwitcher","button","packages/ui/src/shell/department-switcher.tsx","100","pending","","pending"
"988d863419d9adf8","shared-ui","DepartmentSwitcher","button","packages/ui/src/shell/department-switcher.tsx","138","pending","","pending"
"3a2979413bc8db4c","shared-ui","InboxBell","button","packages/ui/src/shell/inbox-bell.tsx","56","pending","","pending"
"dadaaebb70fba6ce","shared-ui","module","LocaleMenu","packages/ui/src/shell/locale-menu.stories.tsx","23","pending","","not-applicable"
"e85cdacf33c610c6","shared-ui","LocaleMenu","DropdownMenu","packages/ui/src/shell/locale-menu.tsx","41","pending","","pending"
"503bb636b02091b1","shared-ui","LocaleMenu","DropdownMenuTrigger","packages/ui/src/shell/locale-menu.tsx","42","pending","","pending"
"07428078a4455446","shared-ui","LocaleMenu","DropdownMenuContent","packages/ui/src/shell/locale-menu.tsx","53","pending","","pending"
"9ab7970b66039a6e","shared-ui","LocaleMenu","DropdownMenuRadioItem","packages/ui/src/shell/locale-menu.tsx","56","pending","","pending"
"6eb619f9cfaf93da","shared-ui","RouteSkeleton","div","packages/ui/src/shell/page-container.tsx","45","pending","","pending"
"8565846f6f55079d","shared-ui","QuickAdd","DropdownMenu","packages/ui/src/shell/quick-add.tsx","47","pending","","pending"
"4111087d691fe45f","shared-ui","QuickAdd","DropdownMenuTrigger","packages/ui/src/shell/quick-add.tsx","48","pending","","pending"
"2ec7fa5102056af0","shared-ui","QuickAdd","DropdownMenuContent","packages/ui/src/shell/quick-add.tsx","62","pending","","pending"
"6ca8e1a8ddb635e7","shared-ui","QuickAdd","DropdownMenuItem","packages/ui/src/shell/quick-add.tsx","64","pending","","pending"
"5c8a816849b6992f","shared-ui","SearchTrigger","IconButton","packages/ui/src/shell/search-trigger.tsx","27","pending","","pending"
"907d362bbd6f5d7e","shared-ui","SearchTrigger","button","packages/ui/src/shell/search-trigger.tsx","33","pending","","pending"
"5977d9437b4cd998","shared-ui","module","Button","packages/ui/src/shell/shortcut-overlay.stories.tsx","23","pending","","not-applicable"
"d63d9b720c6f8203","shared-ui","ShortcutOverlay","Dialog","packages/ui/src/shell/shortcut-overlay.tsx","32","pending","","pending"
"2b8e930c2ed67714","shared-ui","ShortcutOverlay","DialogContent","packages/ui/src/shell/shortcut-overlay.tsx","33","pending","","pending"
"9004d106b255cf37","shared-ui","SidebarUserBlock","DropdownMenu","packages/ui/src/shell/sidebar-user-block.tsx","52","pending","","pending"
"4d877d85c73218ab","shared-ui","SidebarUserBlock","DropdownMenuTrigger","packages/ui/src/shell/sidebar-user-block.tsx","53","pending","","pending"
"144eeb15d2183965","shared-ui","SidebarUserBlock","DropdownMenuContent","packages/ui/src/shell/sidebar-user-block.tsx","81","pending","","pending"
"a28c651a1fba198f","shared-ui","SidebarUserBlock","DropdownMenuItem","packages/ui/src/shell/sidebar-user-block.tsx","88","partial-bounded-evidence","knowledge_nested-sidebar:sidebar-matrix","pending"
"b3afe0811365c0c5","shared-ui","SidebarUserBlock","DropdownMenuItem","packages/ui/src/shell/sidebar-user-block.tsx","97","partial-bounded-evidence","knowledge_nested-sidebar:sidebar-matrix","pending"
"0812b5a348a9a838","shared-ui","Sidebar","button","packages/ui/src/shell/sidebar.tsx","153","partial-bounded-evidence","knowledge_nested-sidebar:sidebar-matrix","pending"
"bb0e9aaea7424f54","shared-ui","SidebarItem","Link","packages/ui/src/shell/sidebar.tsx","322","partial-bounded-evidence","knowledge_nested-sidebar:sidebar-matrix","pending"
"285cc17be226917a","shared-ui","SidebarItem","Tooltip","packages/ui/src/shell/sidebar.tsx","391","partial-bounded-evidence","knowledge_nested-sidebar:sidebar-matrix","pending"
"fe54e88f77272ece","shared-ui","SidebarItem","TooltipTrigger","packages/ui/src/shell/sidebar.tsx","392","pending","","pending"
"d5810577e58dfa97","shared-ui","SidebarItem","TooltipContent","packages/ui/src/shell/sidebar.tsx","393","pending","","pending"
"bace7b74e7796236","shared-ui","ThemeToggle","button","packages/ui/src/shell/theme-toggle.tsx","49","pending","","pending"
"f8f13994e3d6a7d2","shared-ui","module","IconButton","packages/ui/src/shell/top-bar.stories.tsx","23","pending","","not-applicable"
"662ac5751faaecef","shared-ui","module","SearchTrigger","packages/ui/src/shell/top-bar.stories.tsx","33","pending","","not-applicable"
"a87f6da22652bde1","shared-ui","module","DemoChip","packages/ui/src/shell/top-bar.stories.tsx","36","pending","","not-applicable"
"197071117e03c81d","shared-ui","module","LocaleMenu","packages/ui/src/shell/top-bar.stories.tsx","37","pending","","not-applicable"
"f8f16c5f63923e8d","shared-ui","module","IconButton","packages/ui/src/shell/top-bar.stories.tsx","56","pending","","not-applicable"
"040712018360e2cb","shared-ui","module","SearchTrigger","packages/ui/src/shell/top-bar.stories.tsx","61","pending","","not-applicable"
"e09221b109b5aa9f","shared-ui","module","LocaleMenu","packages/ui/src/shell/top-bar.stories.tsx","64","pending","","not-applicable"
"340e05783aeff18a","shared-ui","StateShell","Button","packages/ui/src/states/empty-state.tsx","65","pending","","pending"
"decf379e6618901a","shared-ui","ErrorState","StateShell","packages/ui/src/states/empty-state.tsx","95","pending","","pending"
"8d8f8569d00af8aa","shared-ui","module","StateView","packages/ui/src/states/offline-banner.stories.tsx","30","pending","","not-applicable"
"013343572cbd5ba9","shared-ui","OfflineBanner","div","packages/ui/src/states/offline-banner.tsx","37","pending","","pending"
"81046d16ca693a58","shared-ui","OfflineBanner","Button","packages/ui/src/states/offline-banner.tsx","54","pending","","pending"
"2b3a91368fa4fee3","shared-ui","ReadOnlyStrip","p","packages/ui/src/states/read-only-strip.tsx","33","pending","","pending"
"f250f323e23b3470","shared-ui","StateView","div","packages/ui/src/states/state-view.tsx","69","pending","","pending"
"f4f869276254ebd4","shared-ui","StateView","Button","packages/ui/src/states/state-view.tsx","85","pending","","pending"
